"";"V1";"V2";"V3";"V4";"V5";"V6";"V7";"V8";"V9";"V10";"V11";"V12";"V13";"V14"
"1";16,316;0,366;0,116;0,07;0,264;0,221;0,421;1,37;51,015;28,518;1,232;0,01;0,081;0
"2";15,106;0,705;0,269;0,058;0,311;0,589;1,491;2,499;77,019;1,397;0,543;0,005;0,008;0
"3";9,309;1,509;1,007;0,043;2,48;0,503;2,249;5,393;48,291;27,128;0,403;0,032;1,652;0
"4";31,429;5,687;0,02;0,183;0,13;0,417;0,54;1,292;43,35;16,744;0,157;0,03;0,021;0
"5";3,214;0,368;0,127;0,189;0,107;0,087;0,791;1,002;90,919;2,89;0,186;0,11;0,01;0
"6";20,929;2,063;0,414;0,194;0,194;1,317;1,149;1,498;59,594;12,11;0,503;0,013;0,022;0
"7";44,803;1,726;0,135;0,196;0,184;0,119;0,552;2,41;35,54;13,621;0,667;0,026;0,019;0
"8";5,132;1,156;1,99;0,161;0,17;0,481;0,487;3,977;83,368;2,701;0,309;0,058;0,009;0
"9";19,914;0,665;0,162;0,61;1,872;0,153;1,65;6,744;62,611;5,263;0,307;0,012;0,038;0
"10";11,661;1,205;0,148;0,215;0,144;0,107;0,348;0,742;67,474;17,767;0,168;0,014;0,007;0
"11";17,212;0,928;0,32;0,283;0,226;0,187;0,792;1,462;70,415;7,976;0,174;0,008;0,016;0
"12";10,485;1,818;0,53;0,048;0,338;0,214;0,762;1,104;72,246;11,83;0,518;0,103;0,005;0
"13";3,311;1,004;0,189;0,682;0,276;0,909;0,593;1,057;83,147;8,688;0,113;0,011;0,02;0
"14";13,385;0,973;0,176;0,126;1,76;0,244;2,15;1,312;65,489;14,019;0,271;0,027;0,068;0
"15";9,072;1,196;0,064;0,11;0,806;0,636;1,395;6,593;72,008;7,24;0,479;0,039;0,362;0
"16";34,993;1,612;0,042;0,103;0,063;0,47;0,621;3,117;55,133;3,556;0,199;0,025;0,066;0
"17";3,641;0,413;0,046;0,037;2,338;0,233;0,46;1,405;82,323;8,976;0,084;0,006;0,038;0
"18";19,646;1,933;0,393;0,299;0,235;0,58;2,57;8,848;53,892;10,638;0,885;0,037;0,044;0
"19";20,113;0,633;0,303;0,368;0,255;3,248;1,101;2,903;62,018;8,472;0,235;0,017;0,334;0
"20";3,454;0,403;0,076;0,105;0,141;1,395;0,671;0,967;87,06;5,38;0,317;0,011;0,019;0
"21";11,336;1,464;1,991;0,075;0,262;0,13;0,855;2,5;53,423;27,687;0,142;0,013;0,122;0
"22";4,007;1,394;0,084;0,166;0,345;0,198;0,823;2,551;64,415;25,659;0,269;0,07;0,018;0
"23";3,154;2,243;0,064;0,085;0,073;0,123;0,432;0,873;89,991;2,611;0,327;0,009;0,015;0
"24";75,101;0,346;0,031;0,009;0,053;0,028;0,243;1,287;21,558;1,256;0,045;0,009;0,034;0
"25";10,967;3,195;0,177;0,265;0,322;1,05;1,625;3,483;69,988;8,176;0,509;0,061;0,182;0
"26";15,549;2,69;0,5;0,111;0,433;17,17;1,173;4,263;44,042;11,216;2,779;0,017;0,056;0
"27";3,501;0,53;0,191;0,168;0,097;1,151;0,896;1,44;87,632;3,715;0,278;0,003;0,397;0
"28";13,037;1,482;0,041;0,097;0,593;0,477;1,698;1,918;68,529;11,813;0,198;0,054;0,063;0
"29";3,338;6,999;0,374;0,063;0,217;0,629;0,87;2,567;72,946;11,543;0,338;0,041;0,076;0
"30";2,427;7,468;0,034;0,047;0,159;0,369;0,394;4,155;71,82;11,941;0,142;0,025;1,019;0
"31";65,37;0,355;0,081;0,027;0,093;0,844;0,398;1,162;27,491;3,823;0,326;0,004;0,026;0
"32";12,552;0,742;0,138;0,183;1,108;0,502;0,869;5,315;70,042;8,207;0,208;0,07;0,065;0
"33";3,598;1,358;0,046;1,233;0,231;26,533;0,347;1,123;63,54;1,842;0,12;0,009;0,02;0
"34";9,928;1,029;0,068;0,122;0,331;0,159;3,525;2,765;71,631;10,107;0,289;0,017;0,027;0
"35";3,35;3,28;0,157;0,122;0,319;0,348;9,187;1,932;70,138;10,892;0,215;0,02;0,041;0
"36";25,504;1,157;0,656;0,227;0,846;1,671;2,018;5,165;55,306;7,125;0,247;0,022;0,055;0
"37";2,787;0,85;0,127;0,105;0,246;0,397;0,45;2,339;62,572;29,62;0,478;0,016;0,014;0
"38";33,065;0,779;0,036;0,11;0,396;0,39;1,351;2,355;53,842;7,33;0,278;0,004;0,064;0
"39";6,322;1,046;0,068;0,109;0,085;0,169;0,738;4,815;32,403;53,892;0,34;0,003;0,01;0
"40";13,78;0,515;0,114;0,071;0,148;0,165;0,774;3,466;76,538;4,254;0,092;0,01;0,073;0
"41";4,096;1,679;0,078;0,107;0,914;2,536;0,574;17,426;68,225;3,873;0,156;0,01;0,327;0
"42";25,747;1,579;0,072;0,07;0,203;1,356;0,524;1,216;63,473;3,543;2,2;0,004;0,013;0
"43";3,935;0,713;0,033;0,059;0,082;0,228;0,422;1,335;79,255;13,741;0,146;0,046;0,005;0
"44";3,255;2,703;0,095;0,218;0,153;0,149;1,124;6,976;61,989;4,648;0,186;0,019;18,485;0
"45";0,896;0,074;0,117;0,005;0,015;0,047;0,032;0,929;3,091;94,696;0,094;0,003;0,002;0
"46";6,568;1,929;0,06;0,185;0,104;0,091;0,967;1,733;83,548;4,622;0,144;0,02;0,03;0
"47";2,862;1,497;0,125;0,071;49,757;0,184;1,069;2,276;36,747;5,21;0,155;0,036;0,011;0
"48";60,734;6,032;0,187;0,678;0,291;0,25;0,593;1,173;23,542;6,199;0,285;0,011;0,026;0
"49";67,12;0,283;0,425;0,231;0,087;0,154;0,294;3,141;26,498;1,332;0,181;0,003;0,251;0
"50";7,992;32,019;0,062;0,239;0,182;0,181;0,626;1,765;47,387;7,79;0,642;0,08;1,035;0
"51";30,292;0,42;0,065;0,066;0,1;0,279;0,443;0,803;65,888;1,317;0,183;0,015;0,128;0
"52";18,112;2,13;1,06;0,129;0,463;1,491;1,906;4,663;57,812;11,619;0,398;0,033;0,183;0
"53";5,168;0,881;0,044;0,171;0,521;0,257;0,42;12,214;77,434;2,511;0,345;0,01;0,025;0
"54";4,364;0,509;0,189;0,189;0,192;0,564;0,693;3,347;80,404;9,296;0,224;0,009;0,02;0
"55";5,633;5,232;0,114;4,517;0,299;1,114;0,679;9,214;67,567;4,97;0,567;0,038;0,057;0
"56";38,746;3,068;0,1;0,055;0,131;0,246;1,67;2,326;49,803;3,371;0,445;0,016;0,023;0
"57";0,935;0,153;0,011;0,087;2,399;0,05;0,51;0,685;14,758;80,317;0,085;0,007;0,004;0
"58";3,386;1,095;0,161;0,344;0,415;0,789;1,602;18,616;70,187;3,192;0,151;0,039;0,021;0
"59";8,994;1,077;0,126;0,099;0,335;1,283;0,685;15,619;63,051;8,153;0,528;0,015;0,036;0
"60";2,693;0,629;0,046;0,049;0,261;0,238;0,295;14,206;79,653;1,78;0,111;0,02;0,019;0
"61";11,875;1,354;0,093;0,525;0,17;4,893;0,628;3,891;66,318;9,945;0,265;0,012;0,032;0
"62";25,406;0,633;0,125;0,163;0,14;1,988;0,342;4,416;62,217;2,837;1,69;0,018;0,026;0
"63";14,144;1,567;0,276;0,402;0,471;0,654;0,767;10,663;38,908;31,711;0,213;0,014;0,211;0
"64";7,636;6,461;0,15;0,225;1,147;0,285;2,116;3,7;65,176;7,701;0,409;0,028;4,966;0
"65";4,116;1,395;1,385;0,195;0,604;0,373;0,692;1,318;77,191;12,445;0,22;0,011;0,055;0
"66";7,86;4,447;0,047;0,967;0,102;0,21;1,264;1,643;62,528;20,439;0,459;0,003;0,031;0
"67";70,076;0,217;0,02;0,03;0,034;1,146;0,452;2,993;23,899;1,044;0,079;0,003;0,007;0
"68";15,887;1,844;0,3;0,261;0,658;0,678;0,638;6,735;66,443;6,211;0,28;0,006;0,059;0
"69";15,508;1,42;0,044;0,146;0,109;0,481;0,934;5,676;63,173;12,34;0,136;0,013;0,02;0
"70";5,305;0,344;0,674;0,017;0,186;0,111;17,016;1,241;14,517;60,33;0,223;0,007;0,029;0
"71";10,149;5,652;0,805;0,27;0,185;0,722;2,333;7,244;58,805;10,526;3,186;0,022;0,099;0
"72";13,408;0,934;0,101;0,155;0,104;2,147;0,322;9,342;68,224;4,778;0,453;0,022;0,009;0
"73";6,862;1,228;0,048;0,148;0,772;0,452;0,429;4,045;83,568;2,035;0,238;0,021;0,155;0
"74";5,859;65,519;0,028;0,303;0,118;0,158;0,455;1,579;23,444;2,339;0,165;0,014;0,018;0
"75";25,088;2,232;0,162;0,071;0,148;0,257;0,764;5,046;61,591;3,912;0,68;0,032;0,018;0
"76";0,06;0,015;0,001;0,002;0,018;0,003;0,01;0,055;1,022;98,809;0,003;0;0,001;0
"77";4,16;15,986;0,023;0,071;0,055;0,086;0,224;2,39;75,496;1,343;0,112;0,006;0,048;0
"78";5,304;0,439;0,095;0,042;0,094;4,364;1,012;2,041;51,982;34,327;0,127;0,007;0,165;0
"79";5,375;2,897;0,067;0,163;0,169;2,808;1,009;3,292;81,101;2,927;0,164;0,008;0,018;0
"80";13,599;0,632;0,108;0,068;0,671;0,214;0,981;8,665;72,751;2,13;0,141;0,018;0,023;0
"81";31,14;1,017;14,463;0,134;0,086;0,255;0,681;1,172;44,839;6,022;0,187;0,005;0;0
"82";4,524;1,807;0,146;0,891;0,181;1,899;0,883;5,545;80,876;2,939;0,106;0,018;0,185;0
"83";4,803;7,652;0,267;0,132;0,416;0,482;0,695;4,979;75,537;4,697;0,269;0,047;0,025;0
"84";3,869;1,167;0,117;0,279;0,115;0,237;0,559;5,305;82,926;3,746;1,662;0,017;0;0
"85";8,105;2,074;0,256;0,131;0,344;1,419;0,842;2,504;72,289;5,607;5,957;0,023;0,452;0
"86";5,865;0,238;0,06;0,1;0,082;0,053;0,349;1,657;47,632;42,99;0,963;0,005;0,007;0
"87";3,815;0,624;0,689;0,699;1,37;0,326;0,526;2,089;88,262;1,244;0,181;0,016;0,16;0
"88";10,87;2,375;0,082;0,047;0,115;0,483;0,185;4,131;63,795;17,756;0,127;0,008;0,028;0
"89";1,191;1,027;0,07;0,068;0,392;0,237;0,406;41,385;49,223;5,818;0,148;0,013;0,022;0
"90";4,339;1,578;0,281;0,29;0,52;1,7;0,577;3,23;81,053;5,459;0,226;0,009;0,735;0
"91";7,037;12,865;0,062;0,515;0,243;0,763;0,835;5,722;66,799;4,902;0,229;0,009;0,02;0
"92";4,742;0,838;0,087;0,577;0,135;0,602;0,661;3,184;86,416;2,266;0,462;0,025;0,005;0
"93";5,009;1,154;0,935;0,045;0,44;0,841;1,366;9,864;50,357;29,565;0,266;0,13;0,029;0
"94";20,613;9,591;0,246;3,314;0,409;1,819;1,059;2,581;51,264;7,641;0,848;0,238;0,375;0
"95";24,184;0,705;0,701;0,301;0,257;1,09;2,033;5,773;54,621;10,118;0,175;0,024;0,019;0
"96";3,193;1,48;0,485;0,049;0,62;0,616;0,814;1,034;72,267;19,07;0,333;0,02;0,019;0
"97";8,739;0,507;0,06;0,158;0,169;0,256;0,686;1,659;81,262;5,206;1,281;0,008;0,01;0
"98";6,097;2,593;0,375;0,09;0,185;4,621;0,758;2,967;76,937;5,052;0,188;0,023;0,115;0
"99";20,529;0,47;0,152;0,017;0,035;0,038;0,235;47,858;26,918;3,517;0,213;0,006;0,01;0
"100";3,083;0,705;0,128;0,881;0,375;1,43;0,824;5,104;83,582;2,732;1,018;0,019;0,118;0
"101";6,154;1,265;0,041;1,093;0,374;0,198;2,978;4,569;64,838;18,202;0,261;0,011;0,016;0
"102";12,658;40,742;0,064;0,048;0,557;0,399;0,459;0,689;39,589;4,467;0,254;0,035;0,039;0
"103";31,686;2,718;0,252;0,215;0,098;0,158;0,633;35,751;23,204;5,021;0,248;0,008;0,008;0
"104";11,521;1,109;0,277;0,063;0,148;0,45;0,361;1,266;75,043;9,281;0,412;0,021;0,048;0
"105";11,969;1,627;0,024;0,075;0,043;0,196;0,621;2,442;79,316;3,439;0,235;0,009;0,004;0
"106";7,019;1,675;0,116;0,066;0,227;0,59;0,69;10,469;64,507;13,503;1,077;0,037;0,026;0
"107";10,803;0,82;0,826;0,196;1,09;0,151;0,69;12,391;54,005;18,592;0,394;0,028;0,013;0
"108";7,62;1,671;0,056;0,046;0,353;0,132;0,686;2,659;78,109;8,144;0,418;0,022;0,084;0
"109";18,567;5,508;0,272;0,094;0,256;0,659;0,288;2,261;44,36;27,499;0,189;0,03;0,018;0
"110";86,172;0,147;0,038;0,032;0,025;0,405;0,047;0,225;11,842;1,026;0,025;0,012;0,003;0
"111";15,082;0,876;0,095;0,359;0,149;0,528;1,036;14,325;47,841;19,442;0,21;0,015;0,043;0
"112";9,258;2,736;0,315;0,231;1,248;1,059;1,764;3,628;63,996;14,823;0,892;0,016;0,032;0
"113";7,939;0,836;0,602;0,366;0,135;3,09;2,173;2,452;73,482;2,902;5,982;0,023;0,018;0
"114";11,296;2,412;0,101;0,07;0,139;1,626;1,843;6,521;64,615;10,497;0,754;0,061;0,062;0
"115";1,703;1,49;0,095;0,101;0,103;0,133;0,694;2,229;90,549;2,588;0,305;0,004;0,007;0
"116";21,336;0,414;0,071;0,02;1,317;0,421;0,393;1,648;72,521;1,609;0,215;0,003;0,031;0
"117";6,16;2,088;0,055;0,373;0,221;0,308;0,994;2,023;83,952;3,406;0,397;0,016;0,008;0
"118";2,143;0,364;0,076;10,551;0,357;0,208;0,38;1,213;81,803;2,211;0,627;0,012;0,056;0
"119";4,753;0,931;0,122;0,125;0,112;0,216;0,548;2,147;87,454;3,329;0,195;0,024;0,045;0
"120";4,075;76,167;0,031;0,011;0,06;0,201;0,106;1,631;16,992;0,612;0,1;0,004;0,011;0
"121";8,069;2,53;0,189;0,068;0,183;6,39;1,122;4,004;73,683;3,193;0,477;0,027;0,063;0
"122";5,793;2,272;0,074;0,222;0,224;0,289;0,558;2,733;82,12;5,428;0,219;0,025;0,044;0
"123";5,772;7,031;2,122;0,127;0,174;0,88;1,354;11,441;67,821;2,727;0,505;0,008;0,038;0
"124";6,006;0,566;2,576;0,076;0,197;4,24;1,213;1,034;73,119;9,272;1,411;0,261;0,029;0
"125";36,76;1,235;0,051;0,103;0,789;0,514;0,999;1,28;52,596;5,194;0,437;0,024;0,018;0
"126";2,649;1,049;0,086;0,078;0,632;0,603;0,295;2,956;85,011;5,501;1,099;0,032;0,009;0
"127";3,128;0,497;0,047;0,01;0,406;0,102;0,436;3,09;53,558;38,456;0,246;0,019;0,005;0
"128";29,362;0,778;0,077;0,156;0,856;0,343;2,026;2,975;58,542;2,518;2,313;0,027;0,025;0
"129";20,595;4,478;0,301;0,325;0,209;0,722;0,582;3,217;46,886;22,352;0,283;0,027;0,024;0
"130";42,612;0,328;0,091;0,251;0,104;0,437;0,401;1,6;51,364;2,383;0,391;0,008;0,029;0
"131";32,181;0,947;0,096;0,077;0,06;0,199;1,7;4,078;49,441;10,801;0,303;0,031;0,087;0
"132";8,117;1,173;0,124;0,079;0,181;8,017;0,973;2,973;69,979;7,258;0,974;0,024;0,128;0
"133";22,049;0,663;0,043;0,048;0,041;0,751;0,236;9,546;60,616;5,163;0,792;0,016;0,036;0
"134";70,288;0,714;0,146;0,071;0,218;0,073;1,333;1,357;24,246;1,417;0,113;0,01;0,014;0
"135";7,225;1,079;0,749;0,17;0,251;0,151;0,973;1,944;81,947;4,748;0,647;0,028;0,088;0
"136";5,838;1,428;0,235;1,848;0,327;0,348;1,383;6,494;74,578;6,46;0,463;0,175;0,422;0
"137";6,761;0,805;0,218;0,232;0,19;0,117;0,588;7,305;80,737;2,26;0,698;0,021;0,067;0
"138";4,374;1,625;0,077;0,296;0,156;0,89;4,901;15,01;67,979;4,35;0,257;0,016;0,071;0
"139";9,564;1,749;4,485;1,298;0,129;0,211;0,401;4,855;70,333;6,412;0,442;0,037;0,084;0
"140";31,626;0,941;3,979;0,221;0,271;0,337;0,483;1,624;54,898;5,459;0,122;0,018;0,019;0
"141";90,203;0,111;0,006;0,022;0,039;0,151;0,086;1,898;5,3;1,913;0,268;0,002;0,002;0
"142";4,313;0,951;0,226;0,02;0,379;0,106;0,249;0,442;41,575;51,602;0,127;0,006;0,004;0
"143";8,292;0,962;0,07;0,086;0,351;0,263;0,621;1,599;56,575;30,991;0,113;0,011;0,068;0
"144";16,316;2,862;0,228;0,31;0,322;0,94;1,124;4,815;52,997;19,398;0,591;0,097;0;0
"145";5,352;1,252;0,132;0,062;0,1;9,676;0,314;1,477;76,965;4,236;0,38;0,02;0,035;0
"146";1,896;0,404;0,153;0,075;0,103;0,275;0,435;5,829;67,334;22,774;0,687;0,006;0,031;0
"147";45,075;3,05;0,128;0,268;0,438;0,427;0,29;5,543;42,324;2,342;0,094;0,012;0,008;0
"148";13,853;0,932;0,605;0,112;0,555;0,776;0,641;14,346;45,805;22,005;0,122;0,022;0,226;0
"149";14,054;1,564;0,742;0,144;0,863;0,662;1,505;3,561;69,188;5,54;0,54;0,016;1,622;0
"150";6,946;2,508;0,226;1,179;0,257;0,982;1,239;2,687;80,055;3,438;0,426;0,017;0,04;0
"151";2,729;5,639;0,035;0,207;0,04;0,097;0,146;0,797;48,348;41,337;0,6;0,011;0,014;0
"152";4,774;1,066;0,195;0,336;0,323;0,195;0,399;3,12;46,597;42,864;0,1;0,033;0;0
"153";4,735;0,769;9,206;0,057;0,125;0,279;1,564;17,584;59,805;5,245;0,562;0,034;0,034;0
"154";10,511;0,461;0,187;0,034;0,995;3,445;1,025;1,465;66,558;15,063;0,201;0,05;0,006;0
"155";12,788;0,919;0,109;0,078;0,522;0,891;1,215;2,108;68,328;3,797;9,128;0,046;0,069;0
"156";4,118;0,629;0,154;0,238;0,247;0,211;0,71;31,178;57,392;4,576;0,45;0,014;0,083;0
"157";5,245;0,303;0,036;0,121;0,034;0,301;0,457;1,973;88,347;2,488;0,679;0,013;0,004;0
"158";19,046;0,727;0,099;3,179;0,455;2,056;2,1;27,16;38,148;6,726;0,218;0,016;0,069;0
"159";9,176;1,12;0,12;0,117;0,843;0,143;1,122;3,12;75,231;8,776;0,166;0,025;0,039;0
"160";8,984;1,503;0,092;0,089;1,186;0,173;0,386;5,199;79,818;2,127;0,376;0,006;0,06;0
"161";9,113;1,473;0,184;0,06;0,315;0,181;3,236;6,372;70,904;5,502;2,637;0,017;0,006;0
"162";8,425;2,503;4,883;0,141;0,542;1,051;1,344;2,302;64,568;11,568;2,435;0,018;0,221;0
"163";7,214;14,891;0,634;0,852;0,199;1,602;0,72;8,317;58,373;6,67;0,263;0,079;0,187;0
"164";7,132;2,763;0,392;0,041;0,488;0,375;0,892;1,538;51,54;30,326;0,456;0,01;4,047;0
"165";5,332;1,093;0,084;0,249;0,2;0,432;2,034;7,742;78,796;3,303;0,719;0,006;0,01;0
"166";8,281;0,963;0,157;0,292;0,103;2,652;0,696;3,198;80,431;3,085;0,123;0,012;0,008;0
"167";33,541;0,411;0,157;1,958;0,1;0,449;0,247;19,872;31,548;11,503;0,151;0,003;0,06;0
"168";7,62;1,365;1,333;0,071;0,341;0,559;0,838;8,941;75,073;3,716;0,099;0,015;0,029;0
"169";21,801;1,831;0,097;1,492;0,157;0,229;17,201;27,326;27,551;2,05;0,199;0,019;0,048;0
"170";7,635;2,125;0,09;0,153;0,041;0,076;0,269;1,211;83,955;1,176;3,165;0,033;0,071;0
"171";4,603;0,252;2,096;0,026;0,078;0,181;0,44;4,915;83,403;3,834;0,146;0,026;0;0
"172";3,875;1,46;0,087;2,108;0,16;0,642;0,78;1,962;83,088;4,927;0,837;0,045;0,029;0
"173";13,528;1,674;0,508;0,066;1,515;0,302;1,437;1,822;64,333;14,626;0,17;0,011;0,007;0
"174";1,77;39,394;0,121;0,091;0,1;0,297;0,54;1,6;41,654;13,314;0,17;0,027;0,921;0
"175";5,275;0,912;0,148;0,041;0,304;8,541;1,712;2,077;78,059;2,806;0,112;0,005;0,008;0
"176";31,624;0,611;0,867;0,299;0,261;0,478;0,395;2,097;48,761;14,397;0,2;0,01;0;0
"177";21,485;3,696;0,46;0,084;1,298;0,547;1,082;11,204;50,664;8,95;0,452;0,032;0,046;0
"178";6,408;7,148;0,314;0,166;0,062;1,792;0,387;2,106;73,72;7,623;0,187;0,053;0,035;0
"179";6,236;4,307;0,087;0,051;0,274;0,903;0,545;2,766;78,282;6,345;0,111;0,078;0,015;0
"180";3,039;1,195;0,394;0,29;0,18;0,176;0,784;2,817;77,209;13,477;0,373;0,015;0,052;0
"181";1,349;0,342;0,071;0,147;0,083;0,208;0,294;1,741;17,051;78,622;0,076;0,005;0,01;0
"182";5,366;1,871;0,16;5,164;0,51;0,334;0,435;3,831;75,518;4,332;2,415;0,018;0,047;0
"183";3,077;0,198;0,03;0,047;0,053;0,186;0,24;12,428;76,658;7,001;0,068;0,009;0,006;0
"184";1,391;0,093;0,022;0,022;0,16;0,036;0,08;0,29;21,945;75,905;0,046;0,006;0,002;0
"185";2,96;8,264;0,054;0,792;0,516;0,462;0,6;2,991;61,357;21,426;0,557;0,01;0,012;0
"186";4,861;1,751;0,108;0,597;0,353;1,124;0,775;2,139;64,343;23,835;0,091;0,019;0,006;0
"187";3,415;0,559;0,362;0,089;1,215;0,759;0,343;12,04;78,638;2,348;0,135;0,023;0,075;0
"188";3,597;2,582;0,115;0,136;0,134;0,464;1,047;5,706;74,699;3,778;7,661;0,029;0,053;0
"189";19,741;0,789;0,11;0,102;0,065;0,323;0,415;1,285;76,24;0,791;0,097;0,003;0,04;0
"190";6,762;9,097;0,11;0,108;0,173;1,06;0,551;3,47;72,577;5,741;0,238;0,018;0,095;0
"191";43,006;2,504;1,62;0,026;0,188;0,151;0,412;1,506;44,089;4,682;1,784;0,033;0;0
"192";11,535;1,663;5,882;0,109;1,023;4,432;1,56;4,459;64,881;3,747;0,513;0,035;0,162;0
"193";42,625;0,892;0,038;0,138;0,823;0,763;1,213;2,316;43,254;3,825;3,643;0,014;0,456;0
"194";31,339;15,943;1,064;0,198;0,138;0,195;0,524;1,146;46,441;2,666;0,264;0,016;0,065;0
"195";8,353;0,894;0,38;0,161;0,266;0,827;2,457;2,986;81,491;1,74;0,375;0,04;0,031;0
"196";2,618;1,221;0,081;0,097;0,785;0,4;0,536;3,711;86,517;3,766;0,248;0,014;0,006;0
"197";2,739;1,205;0,057;0,352;0,205;0,375;0,222;2,079;51,962;40,164;0,564;0,009;0,067;0
"198";15,232;0,366;0,031;0,02;0,329;0,171;8,961;43,016;30,203;1,531;0,119;0,02;0;0
"199";58,714;1,539;0,151;0,061;0,318;0,397;3,608;2,166;27,118;5,352;0,512;0,018;0,044;0
"200";43,12;0,56;0,662;0,022;0,111;0,449;0,251;1,467;30,838;22,397;0,078;0,016;0,028;0
"201";12,13;1,584;0,87;0,067;0,748;0,178;1,373;2,464;67,771;12,61;0,158;0,039;0,007;0
"202";2,179;0,525;0,042;0,059;0,341;0,068;0,572;1,46;21,42;1,985;71,307;0,014;0,029;0
"203";50,334;1,281;0,042;0,16;0,397;0,205;0,236;3,467;28,102;15,54;0,182;0,011;0,045;0
"204";7,537;0,579;0,224;0,659;0,157;0,275;0,578;1,981;85,959;1,746;0,208;0,012;0,085;0
"205";9,711;2,232;0,148;0,292;2,086;0,404;1,299;3,024;75,058;5,343;0,318;0,071;0,014;0
"206";5,795;1,791;0,112;0,063;0,209;0,146;3,121;1,697;63,077;23,886;0,09;0,011;0,002;0
"207";24,434;0,536;0,128;0,084;0,156;0,383;0,515;5,194;51,543;16,712;0,281;0,013;0,021;0
"208";6,709;0,68;0,042;0,088;0,496;0,101;0,391;10,869;46,697;33,486;0,397;0,009;0,034;0
"209";2,524;0,573;0,071;0,035;0,081;0,144;0,711;0,955;30,319;64,147;0,434;0,006;0;0
"210";7,958;3,603;0,106;1,305;0,301;0,749;0,793;1,232;67,29;16,295;0,31;0,012;0,047;0
"211";3,998;1,373;0,093;0,461;0,306;0,521;0,543;5,839;73,618;12,508;0,723;0,018;0;0
"212";29,644;0,662;0,258;0,155;0,472;0,092;0,67;2,491;54,672;9,866;0,683;0,056;0,28;0
"213";18,315;0,541;0,172;0,122;0,313;0,491;2,324;2,403;70,204;4,338;0,72;0,036;0,023;0
"214";1,961;2,943;0,066;0,377;1,209;0,136;0,521;3,321;86,688;2,046;0,698;0,026;0,007;0
"215";13,153;2,625;2,589;0,073;0,234;1,496;0,899;3,842;63,138;8,96;0,315;0,034;2,644;0
"216";5,024;2,416;0,102;1,659;0,421;1,342;0,577;4,529;76,567;6,024;1,205;0,033;0,1;0
"217";23,865;0,768;0,049;0,017;0,288;0,116;0,675;1,25;68,591;4,194;0,171;0,009;0,008;0
"218";45,304;0,409;0,025;0,265;0,106;0,291;0,168;1,258;50,344;1,719;0,069;0,013;0,029;0
"219";7,78;1,695;0,034;0,366;0,134;0,434;0,488;4,563;68,485;15,413;0,449;0,023;0,136;0
"220";5,912;4,404;0,067;0,207;2,529;1,124;2,424;6,752;62,219;14,057;0,222;0,078;0,004;0
"221";5,157;1,197;0,077;0,233;0,263;0,945;0,388;1,03;81,475;8,453;0,608;0,009;0,166;0
"222";16,221;1,212;0,058;0,133;0,201;0,498;0,626;1,39;74,266;2,734;2,611;0,01;0,04;0
"223";8,799;23,323;0,063;0,021;0,06;0,498;0,793;2,051;61,79;2,167;0,153;0,004;0,278;0
"224";25,893;0,392;0,178;0,145;0,423;4,404;0,367;2,245;61,094;4,093;0,737;0,012;0,017;0
"225";4,157;3,072;0,231;0,225;0,371;0,781;0,648;5,332;80,704;4,258;0,196;0,017;0,008;0
"226";3,914;15,198;0,229;0,158;0,167;0,228;1,003;4,106;60,36;14,351;0,264;0,014;0,009;0
"227";13,615;2,781;0,203;0,099;0,263;0,974;0,626;3,141;68,141;9,069;0,965;0,015;0,107;0
"228";3,556;0,584;0,019;0,081;3,776;0,168;1,908;0,711;87,494;1,573;0,093;0,03;0,006;0
"229";55,28;0,928;0,04;0,738;0,126;0,546;0,494;4,12;35,386;2,03;0,241;0,026;0,044;0
"230";13,748;2,234;0,181;0,337;0,412;0,638;0,602;24,818;46,775;9,107;1,068;0,047;0,033;0
"231";26,158;1,03;0,492;0,076;0,112;0,317;1,004;6,137;51,785;12,595;0,213;0,014;0,066;0
"232";3,772;2,576;0,181;0,268;0,565;0,17;3,138;5,245;81,376;2,119;0,536;0,035;0,019;0
"233";22,4;0,538;1,471;0,058;0,115;0,079;0,556;1,23;52,094;21,191;0,132;0,015;0,118;0
"234";43,158;0,288;0,026;0,098;0,096;0,125;0,333;18,486;35,856;1,424;0,093;0,011;0,005;0
"235";25,082;3,034;0,069;1,689;0,196;0,74;0,843;2,044;63,881;1,911;0,336;0,045;0,13;0
"236";14,927;0,698;0,154;0,701;0,22;0,909;1,653;1,14;75,014;3,114;1,402;0,009;0,06;0
"237";21,102;4,478;0,186;0,124;0,216;0,153;0,372;1,203;66,688;4,975;0,305;0,031;0,168;0
"238";2,999;1,517;4,805;0,102;2,562;0,67;0,993;2,698;79,479;3,751;0,201;0,015;0,209;0
"239";61,671;0,567;0,059;0,311;0,052;0,308;0,224;0,61;35,046;0,774;0,347;0,002;0,029;0
"240";30,539;1,5;0,095;0,077;4,946;0,097;1,589;0,623;57,891;2,496;0,14;0,006;0;0
"241";3,831;10,231;0,085;0,257;0,245;0,191;0,255;52,48;30,78;1,401;0,212;0,012;0,018;0
"242";7,057;5,492;0,294;0,192;0,319;0,476;3,286;10,217;61,302;10,551;0,673;0,093;0,047;0
"243";11,087;8,888;0,395;0,207;0,207;0,295;1,278;1,841;58,505;17,036;0,229;0,017;0,015;0
"244";16,193;1,426;0,205;0,351;0,175;0,432;0,263;6,556;68,744;5,16;0,455;0,029;0,011;0
"245";8,218;1,303;0,162;0,168;0,972;0,411;1,734;3,647;68,605;12,257;2,423;0,039;0,061;0
"246";6,036;3,512;0,063;0,113;0,21;0,259;0,629;7,177;74,756;5,773;1,414;0,021;0,037;0
"247";13,247;0,921;0,078;0,156;0,248;0,131;0,886;1,078;79,42;3,735;0,086;0,01;0,005;0
"248";26,012;3,227;0,355;0,21;0,264;0,542;0,972;4,542;61,196;2,219;0,37;0,066;0,026;0
"249";7,467;1,021;0,054;0,35;3,595;0,129;0,419;4,212;63,18;19,209;0,3;0,01;0,054;0
"250";49,857;0,312;0,02;0,062;0,091;0,07;0,171;0,57;29,23;19,395;0,191;0,001;0,028;0
"251";6,355;0,712;0,124;0,196;0,139;0,12;0,459;1,169;89,232;1,145;0,176;0,171;0;0
"252";13,301;3,668;0,514;0,29;0,631;0,794;3,109;2,186;66,492;5,109;3,761;0,039;0,107;0
"253";5,077;1,132;0,177;0,131;0,294;0,249;0,33;6,097;67,702;18,665;0,124;0,008;0,014;0
"254";17,774;1,117;0,228;0,345;0,204;0,67;1,011;8,009;51,591;17,922;0,841;0,272;0,017;0
"255";7,923;0,744;0,216;0,131;0,259;1,327;0,489;10,692;73,37;4,689;0,11;0,013;0,038;0
"256";1,617;0,398;1,129;3,321;18,678;0,102;0,96;4,584;60,318;8,523;0,14;0,007;0,223;0
"257";4,361;0,774;0,865;0,024;0,089;0,161;1,349;8,034;69,086;14,876;0,339;0,017;0,025;0
"258";3,022;0,724;0,586;0,166;0,144;0,243;0,843;3,072;61,198;29,561;0,365;0,018;0,058;0
"259";0,186;0,061;0,011;0,008;0,19;0,044;0,093;91,501;7,417;0,449;0,034;0,002;0,004;0
"260";3,591;0,986;0,268;0,007;0,065;0,032;0,133;1,342;11,256;82,27;0,047;0,001;0,003;0
"261";31,324;3,275;0,14;0,034;0,174;0,922;0,689;1,047;57,376;4,738;0,214;0,024;0,044;0
"262";14,601;2,191;0,166;0,197;0,681;1,225;0,285;1,947;66,924;11,068;0,662;0,042;0,01;0
"263";4,91;0,74;0,132;0,096;0,469;0,247;1,104;8,098;81,409;2,394;0,243;0,027;0,131;0
"264";14,489;2,48;0,308;0,382;0,928;0,287;1,389;3,485;48,358;27,31;0,407;0,029;0,148;0
"265";27,961;0,309;0,022;0,053;0,084;1,187;0,196;1,196;59,477;9,302;0,187;0,014;0,013;0
"266";10,253;1,383;0,639;0,147;0,154;6,304;0,585;3,363;70,433;6,103;0,59;0,025;0,022;0
"267";11,544;1,129;0,052;0,048;0,515;0,1;0,699;0,979;77,204;7,041;0,676;0,01;0,004;0
"268";4,017;0,529;0,735;1,236;0,316;5,598;0,53;4,301;66,485;11,69;4,464;0,073;0,026;0
"269";11,354;47,915;0,144;0,064;0,114;0,433;1,034;1,216;33,515;3,901;0,272;0,01;0,03;0
"270";5,039;0,861;0,829;0,363;0,157;0,798;9,702;2,162;77,003;2,81;0,117;0,004;0,155;0
"271";7,678;1,713;2,305;0,219;0,384;0,278;0,763;2,792;72,282;10,832;0,653;0,057;0,045;0
"272";6,628;1,426;0,076;0,066;0,173;0,147;0,712;1,038;73,454;15,772;0,356;0,011;0,141;0
"273";12,794;0,922;0,317;0,07;0,25;0,722;0,896;3,355;76,806;2,465;1,348;0,02;0,033;0
"274";4,139;2,467;0,065;0,614;2,57;0,134;1,289;3,66;71,705;12,975;0,222;0,092;0,068;0
"275";2,291;0,533;3,336;0,398;0,134;0,14;0,423;32,829;32,188;25,958;1,729;0,016;0,026;0
"276";5,855;4,191;0,514;0,353;1,265;0,391;6,642;5,311;68,12;6,6;0,679;0,04;0,037;0
"277";6,721;5,408;0,204;0,544;1,882;1,404;1,948;2,31;72,328;6,507;0,61;0,011;0,122;0
"278";5,858;0,692;0,184;0,166;0,113;4,932;0,765;1,559;80,089;5,147;0,467;0,008;0,02;0
"279";14,572;1,764;0,154;0,189;0,526;3,663;0,572;8,032;64,09;5,951;0,468;0,018;0;0
"280";11,85;6,912;0,067;0,219;0,347;0,372;0,528;0,955;74,838;3,616;0,175;0,03;0,092;0
"281";6,851;1,216;0,1;0,202;0,389;2,046;1,198;2,413;80,311;4,762;0,437;0,04;0,036;0
"282";37,766;1,872;0,02;0,03;0,337;2,142;0,274;3,917;50,658;2,828;0,136;0,009;0,011;0
"283";29,776;5,022;0,289;0,267;0,541;0,571;1,616;9,117;33,173;17,596;1,085;0,896;0,052;0
"284";4,577;3,207;0,629;0,952;0,056;1,166;0,923;3,602;81,267;3,452;0,14;0,03;0;0
"285";13,932;1,21;0,175;0,167;0,166;0,957;1,893;10,988;63,987;6,293;0,16;0,043;0,029;0
"286";6,064;1,542;0,114;0,382;0,204;0,631;0,525;1,029;87,294;2,056;0,105;0,016;0,039;0
"287";3,833;0,709;0,062;0,054;0,543;0,08;1,058;1,674;88,679;2,85;0,414;0,016;0,027;0
"288";5,633;3,374;0,248;0,091;0,246;4,935;0,494;1,581;76,669;6,287;0,304;0,047;0,091;0
"289";1,257;0,337;0,035;0,127;0,069;0,225;0,374;3,967;66,528;23,488;0,071;0,002;3,518;0
"290";3,627;2,103;0,282;0,075;0,997;0,445;0,715;0,827;87,223;3,575;0,112;0,006;0,012;0
"291";2,496;0,602;0,054;0,036;0,089;0,42;1,154;0,616;35,44;58,479;0,054;0,012;0,548;0
"292";31,954;6,054;0,058;0,126;0,177;1,788;0,561;1,922;46,741;10,196;0,393;0,015;0,017;0
"293";8,711;1,343;3,371;0,169;0,634;0,384;2,681;1,933;68,577;11,951;0,178;0,037;0,032;0
"294";33,81;0,582;0,08;0,077;0,195;0,907;0,735;1,581;54,914;6,886;0,201;0,02;0,013;0
"295";5,72;2,859;0,405;0,073;0,304;0,283;0,535;6,232;74,05;8,825;0,371;0,016;0,327;0
"296";7,296;12,571;0,102;0,079;0,286;0,16;0,739;8,977;54,963;13,842;0,971;0,015;0;0
"297";6,138;1,445;0,163;0,145;0,389;1,328;0,545;13,525;68,267;7,849;0,172;0,019;0,015;0
"298";4,044;1,105;0,172;0,061;0,078;0,393;2,623;5,254;69,607;16,474;0,141;0,027;0,022;0
"299";11,253;1,236;0,141;0,133;0,178;0,164;0,689;1,798;80,48;3,58;0,265;0,004;0,08;0
"300";1,869;1,327;0,148;0,042;0,832;0,319;0,449;1,204;90,69;2,812;0,258;0,008;0,043;0
"301";2,417;0,244;0,035;0,011;0,157;76,409;0,468;1,516;17,876;0,803;0,029;0,025;0,01;0
"302";15,005;1,28;1,155;0,175;0,141;0,342;1,102;3,947;67,282;7,113;2,335;0,008;0,117;0
"303";14,127;1,322;0,115;0,129;0,158;0,169;1,738;2,32;76,102;3,64;0,144;0,012;0,022;0
"304";6,906;1,511;0,255;0,073;0,129;0,574;0,774;10,197;74,37;4,953;0,238;0,004;0,013;0
"305";12,04;2,023;0,108;0,14;0,48;0,375;14,905;14,938;43,864;4,157;6,603;0,105;0,262;0
"306";5,867;8,019;0,114;0,164;0,215;1,562;0,657;1,748;59,297;20,85;1,426;0,035;0,047;0
"307";14,315;1,533;0,108;0,029;0,107;0,534;2,306;5,531;68,645;6,738;0,124;0,02;0,009;0
"308";1,884;1,013;0,071;0,075;0,165;0,138;0,563;1,405;86,43;7,976;0,246;0,025;0,009;0
"309";5,818;1,02;0,212;0,058;0,305;0,172;0,661;31,092;56,872;3,497;0,258;0,03;0,004;0
"310";8,556;2,069;0,187;0,154;0,102;0,441;0,339;1,583;77,781;8,609;0,149;0,003;0,025;0
"311";9,085;5,277;0,124;0,168;0,228;3,559;0,675;4,327;67,021;9,144;0,296;0,078;0,017;0
"312";24,507;1,011;0,199;0,3;0,264;1,398;1,161;1,565;65,088;3,736;0,404;0,027;0,341;0
"313";11,503;4,318;8,096;0,19;0,344;1,698;2,741;3,96;59,335;7,279;0,476;0,026;0,034;0
"314";1,862;33,643;0,088;0,051;0,371;12,465;0,621;1,64;43,055;5,785;0,325;0,012;0,081;0
"315";3,3;0,957;0,206;3,035;0,315;20,96;1,463;2,379;62,527;4,288;0,387;0,101;0,082;0
"316";3,913;0,37;6,497;0,148;0,26;1,463;0,383;1,304;70,791;14,702;0,134;0,018;0,018;0
"317";7,891;1,246;0,164;0,128;0,319;2,542;1,243;13,246;70,293;2,505;0,298;0,089;0,035;0
"318";7,758;1,56;0,04;0,064;0,357;0,249;0,806;1,426;59,944;27,249;0,481;0,006;0,06;0
"319";6,299;1,357;0,113;0,14;0,14;0,73;1,319;9,015;56,632;24,103;0,101;0,03;0,021;0
"320";6,809;0,125;0,013;0,014;0,017;0,079;0,095;0,589;17,693;74,39;0,132;0,005;0,039;0
"321";9,534;5,33;0,076;0,137;0,258;0,262;0,558;1,496;79,366;2,671;0,228;0,029;0,054;0
"322";7,837;0,561;0,276;0,243;0,091;0,138;0,508;1,182;85,674;2,984;0,454;0,025;0,027;0
"323";10,126;1,288;0,285;0,066;0,815;0,277;1,169;7,434;73,321;4,703;0,413;0,045;0,058;0
"324";5,42;7,981;1,372;0,153;0,646;0,604;0,943;3,29;70,689;8,51;0,362;0,016;0,013;0
"325";4,425;1,213;0,267;0,071;0,144;0,232;0,9;16,026;72,463;3,884;0,327;0,02;0,029;0
"326";31,004;0,565;0,153;0,064;0,437;0,173;0,393;1,31;59,204;6,418;0,255;0,01;0,015;0
"327";8,388;1,503;0,071;0,067;0,207;0,315;0,444;1,436;74,054;13,169;0,315;0,028;0,004;0
"328";3,043;0,875;0,176;0,038;0,112;0,137;0,393;1,127;90,636;3,236;0,206;0,02;0;0
"329";8,921;0,773;0,661;0,272;0,226;1,572;1,144;3,129;64,305;16,522;2,353;0,017;0,104;0
"330";8,779;0,957;0,79;0,217;0,673;0,233;0,728;5,682;75,634;5,97;0,268;0,021;0,048;0
"331";54,522;1,229;0,016;0,314;0,075;0,166;0,169;2,526;25,259;15,224;0,4;0,001;0,1;0
"332";31,427;2,124;0,105;0,37;0,055;0,289;1,957;9,495;46,709;6,781;0,611;0,01;0,066;0
"333";2,312;0,562;0,029;7,16;0,082;0,15;0,159;1,075;80,753;7,287;0,408;0,013;0,012;0
"334";10,866;1,002;0,152;0,112;0,108;7,148;0,31;12,394;64,376;3,268;0,219;0,011;0,035;0
"335";15,372;1,82;0,569;2,724;0,594;0,632;1,189;4,716;66,733;4,279;1,295;0,078;0;0
"336";41,844;2,32;0,098;0,072;2,346;0,15;1,149;4,82;42,943;4,02;0,196;0,005;0,038;0
"337";2,787;0,963;0,156;0,173;0,187;3,282;0,369;9,878;71,761;9,507;0,905;0,004;0,026;0
"338";5,112;2,167;0,134;0,23;0,126;0,156;0,886;1,67;86,255;2,967;0,229;0,038;0,029;0
"339";4,286;0,611;0,015;0,115;0,083;0,104;0,357;80,284;12,514;1,572;0,049;0,006;0,003;0
"340";8,729;4,179;0,221;0,397;0,31;1,34;1,723;3,846;74,197;4,695;0,348;0,016;0;0
"341";9,303;2,054;2,92;0,218;0,335;0,34;1,093;3,092;69,239;11,023;0,281;0,017;0,084;0
"342";3,467;1,187;0,768;0,125;0,291;0,799;0,504;7,893;71,215;13,374;0,292;0,029;0,056;0
"343";4,757;3,635;0,078;0,261;3,439;0,165;2,114;1,703;81,422;1,962;0,417;0,018;0,027;0
"344";7,995;1,177;0,146;0,134;0,258;0,865;0,88;39,057;40,057;8,453;0,863;0,01;0,104;0
"345";14,248;3,03;0,093;0,108;0,191;0,169;1,242;23,591;54,243;2,905;0,163;0,009;0,007;0
"346";66,797;0,605;0,063;0,013;0,06;0,054;0,191;0,516;30,004;1,085;0,556;0,012;0,045;0
"347";1,678;0,316;0,139;0,024;0,461;0,094;0,213;1,177;79,376;16,432;0,08;0,005;0,006;0
"348";12,669;1,578;0,46;0,157;0,297;0,218;0,827;2,936;71,899;8,771;0,168;0,019;0;0
"349";9,979;0,721;0,716;0,768;0,7;0,503;6,596;2,625;72,774;4,404;0,162;0,03;0,023;0
"350";1,978;0,875;0,068;0,308;1,032;0,938;0,399;26,038;56,753;4,931;6,67;0,004;0,005;0
"351";2,736;0,24;0,149;0,018;0,069;0,051;0,172;22,936;36,497;37,001;0,109;0,004;0,018;0
"352";2,662;1,013;0,051;0,026;1,254;0,378;2,434;4,471;69,284;7,788;0,12;0,01;10,51;0
"353";3,731;3,716;0,022;0,38;0,163;0,837;2,25;27,142;51,35;10,056;0,316;0,021;0,017;0
"354";71,117;0,288;0,043;0,043;0,112;0,081;0,378;1,483;23,809;2,512;0,109;0,012;0,013;0
"355";9,435;1,002;0,51;0,087;0,554;2,78;32,43;16,799;27,294;8,837;0,161;0,036;0,075;0
"356";2,581;4,621;0,039;0,135;0,146;0,91;0,377;1,912;64,077;25,104;0,072;0,01;0,016;0
"357";25,155;1,31;0,122;0,371;0,15;0,968;0,759;3,12;63,483;3,256;1,293;0,009;0,004;0
"358";3,838;0,415;0,873;0,461;0,29;0,278;0,559;1,459;83,675;7,856;0,178;0,009;0,11;0
"359";5,808;1,1;0,22;0,046;0,098;0,214;0,513;1,893;86,307;3,725;0,064;0,012;0;0
"360";87,766;0,537;0,064;0,35;0,084;0,372;0,218;0,55;8,996;1,005;0,044;0,009;0,004;0
"361";7,238;0,782;0,099;0,593;0,905;0,319;0,905;1,792;81,721;5,452;0,164;0,006;0,023;0
"362";17,458;6,027;0,101;0,052;0,203;0,584;1,884;4,079;43,822;25,334;0,381;0,031;0,044;0
"363";2,774;1,912;0,054;0,12;0,163;0,094;9,171;20,776;62,024;2,443;0,418;0,013;0,037;0
"364";7,073;1,267;0,085;0,113;7,492;1,28;0,26;18,759;62,329;1,197;0,129;0,012;0,005;0
"365";4,958;1,244;0,822;0,162;0,718;1,545;1,161;2,162;68,812;15,811;2,587;0,018;0;0
"366";18,073;1,158;0,102;0,427;0,771;0,858;1,581;3,892;49,081;5,095;1,59;17,345;0,027;0
"367";31,554;1,377;0,04;0,137;0,14;0,147;0,319;3,46;60,805;1,801;0,206;0,006;0,007;0
"368";1,664;0,565;0,052;0,123;0,089;30,322;0,324;1,193;44,772;1,007;19,775;0,02;0,093;0
"369";5,346;0,615;0,053;0,343;0,161;0,448;7,487;9,699;60,191;15,37;0,236;0,027;0,025;0
"370";16,103;1,094;0,272;0,23;0,2;0,145;0,676;1,322;74,035;5,308;0,553;0,026;0,036;0
"371";5,727;1,878;0,392;0,095;0,194;0,287;2,466;3,485;76,716;8,581;0,145;0,013;0,02;0
"372";13,255;13,105;0,043;0,104;0,23;0,922;0,832;1,792;65,097;4,323;0,15;0,03;0,117;0
"373";15,469;1,627;0,583;0,108;1,353;0,299;0,726;3,541;64,759;11,054;0,469;0,011;0;0
"374";14,246;0,379;0,234;0,051;0,124;0,109;0,345;0,893;57,737;24,836;0,221;0,011;0,815;0
"375";8,583;1,796;0,097;0,167;0,489;0,441;0,408;4,604;69,058;11,518;2,81;0,006;0,02;0
"376";0,437;0,266;0,072;0,012;0,019;0,018;0,046;93,698;4,768;0,647;0,01;0,001;0,006;0
"377";56,373;0,417;0,297;0,149;0,192;0,167;0,351;2,663;37,344;1,912;0,122;0,004;0,009;0
"378";23,197;3,052;0,065;0,076;0,918;0,126;1,332;6,671;59,626;4,706;0,178;0,025;0,027;0
"379";18,153;0,512;0,047;0,084;0,083;0,14;2,233;0,875;64,725;12,896;0,115;0,022;0,115;0
"380";6,858;1,38;1,828;0,665;0,358;1,025;1,828;7,372;68,063;9,683;0,346;0,014;0,581;0
"381";2,16;1,39;0,04;0,051;0,467;0,393;1,015;2,787;62,577;28,52;0,571;0,016;0,014;0
"382";10,963;1,977;0,054;0,072;1,573;0,211;1,552;2,348;65,469;14,447;1,307;0,006;0,022;0
"383";27,957;1,272;0,182;0,066;0,308;0,142;0,973;3,488;62,638;2,423;0,33;0,008;0,213;0
"384";42,721;0,317;0,078;0,281;0,238;0,12;0,65;1,374;49,778;4,114;0,305;0,01;0,014;0
"385";3,374;0,636;1,603;0,098;0,404;0,335;1,32;6,189;73,823;11,433;0,405;0,04;0,339;0
"386";10,672;1,611;0,071;0,069;0,195;1,899;0,788;2,52;69,964;11,82;0,297;0,037;0,057;0
"387";13,906;0,987;0,091;0,07;0,225;0,192;5,606;2,26;73,894;2,553;0,127;0,008;0,081;0
"388";31,698;0,828;0,142;0,588;1,42;0,325;0,835;10,347;44,294;8,742;0,265;0,03;0,487;0
"389";3,577;7,147;0,158;0,365;0,912;0,34;0,517;3,019;80,2;3,367;0,306;0,026;0,066;0
"390";3,461;0,523;0,085;0,102;0,274;1,799;0,678;2,649;87,045;2,949;0,39;0,022;0,025;0
"391";35,632;1,118;0,114;0,305;0,215;0,673;0,549;1,807;53,003;6,251;0,26;0,018;0,054;0
"392";15,299;0,73;0,131;0,174;0,148;0,601;0,691;21,608;57,969;2,394;0,19;0,008;0,058;0
"393";6,748;0,393;0,048;0,066;0,174;0,221;1,543;2,514;66,441;21,498;0,138;0,021;0,197;0
"394";3,991;2,052;0,765;0,904;0,518;0,301;1,037;2,254;57,036;30,931;0,145;0,034;0,031;0
"395";23,372;0,871;0,085;0,089;0,182;0,198;0,519;0,946;70,759;2,677;0,22;0,016;0,067;0
"396";4,343;0,637;0,091;0,104;18,622;1,861;1,339;2,261;37,896;32,451;0,36;0,008;0,027;0
"397";8,472;4,27;0,119;0,053;0,451;0,291;0,9;2,842;50,091;32,233;0,227;0,031;0,02;0
"398";30,107;1,248;0,095;0,108;0,079;0,157;0,645;1,436;60,051;5,424;0,633;0,012;0,005;0
"399";31,331;0,915;0,206;0,338;0,267;0,211;0,542;1,32;60,143;4,535;0,162;0,01;0,02;0
"400";2,047;0,208;0,067;1,112;0,094;0,839;0,365;12,153;44,964;38,007;0,128;0,007;0,009;0
"401";9,44;2,334;0,185;0,175;0,186;1,643;0,661;3,547;43,748;37,838;0,188;0,03;0,025;0
"402";1,774;6,432;0,052;0,095;0,124;1,368;0,659;2,324;81,419;5,448;0,236;0,008;0,06;0
"403";17,706;0,667;0,207;0,177;1,288;0,234;1,984;1,462;72,648;3,418;0,188;0,012;0,011;0
"404";4,053;0,431;0,142;0,065;0,122;0,431;0,469;1,671;45,473;46,94;0,106;0,026;0,069;0
"405";3,431;0,618;0,047;0,059;0,382;0,329;0,249;1,213;87,663;5,896;0,092;0,008;0,013;0
"406";4,602;0,807;0,305;0,119;0,998;0,836;0,586;1,571;85,931;3,898;0,301;0,017;0,029;0
"407";61,757;1,259;0,794;0,041;0,084;0,413;0,348;0,536;33,186;1,313;0,149;0,011;0,109;0
"408";5,329;0,534;0,261;0,931;0,178;0,118;0,709;2,255;82,395;6,997;0,26;0,017;0,018;0
"409";15,322;1,343;0,187;4,68;0,598;1,29;1,702;13,045;52,612;8,223;0,98;0,018;0;0
"410";1,498;5,086;0,085;0,216;0,145;0,247;0,714;8,407;78,414;4,824;0,229;0,012;0,122;0
"411";15,333;10,76;0,031;0,082;0,742;0,428;1,226;1,502;67,588;1,808;0,49;0,01;0;0
"412";7,449;9,66;0,122;0,24;0,216;0,72;0,382;9,309;65,066;6,213;0,586;0,017;0,021;0
"413";2,434;1,111;0,135;0,059;0,464;0,248;1,075;0,931;83,116;9,949;0,452;0,008;0,017;0
"414";2,838;0,436;0,417;0,034;0,063;0,107;0,55;2,91;60,127;32,414;0,091;0,008;0,006;0
"415";2,234;0,59;0,357;0,31;0,074;0,152;0,477;0,582;87,684;7,224;0,296;0,007;0,014;0
"416";5,64;1,518;0,404;0,187;0,244;0,446;0,311;0,845;87,467;2,586;0,309;0,039;0,003;0
"417";3,217;0,495;0,012;0,014;0,182;0,032;0,41;1,319;23,295;70,955;0,049;0,004;0,016;0
"418";21,069;0,7;0,861;0,101;0,137;1,734;0,911;4,328;64,984;4,884;0,128;0,081;0,081;0
"419";5,397;3,68;0,244;0,286;0,152;0,413;0,29;8,802;41,148;39,121;0,444;0,011;0,014;0
"420";7,007;0,949;0,219;0,247;0,518;1,058;2,121;5,657;71,513;8,29;2,331;0,034;0,054;0
"421";13,995;0,578;0,236;0,041;1,205;0,151;0,354;27,289;44,439;11,607;0,072;0,014;0,02;0
"422";10;1,479;0,844;0,064;0,208;0,547;1,083;1,005;81,004;3,121;0,368;0;0,277;0
"423";11,802;2,305;0,03;0,105;0,388;0,174;20,659;3,556;56,482;4,338;0,111;0,014;0,036;0
"424";9,606;0,22;0,04;0,022;0,038;0,121;0,134;3,99;44,615;40,547;0,056;0,004;0,607;0
"425";11,225;0,831;2,997;0,076;0,606;0,179;0,549;3,915;63,058;14,471;2,025;0,008;0,061;0
"426";29,691;1,407;0,349;0,12;0,843;0,276;1,396;3,54;60,267;1,844;0,19;0,048;0,028;0
"427";6,857;3,534;0,683;0,178;0,427;0,956;1,229;20,291;53,272;12,415;0,108;0,027;0,024;0
"428";2,512;0,494;0,169;0,064;0,298;0,091;0,451;1,48;52,383;41,906;0,133;0,01;0,011;0
"429";7,058;2,25;1,439;0,337;0,121;0,255;0,982;1,32;81,007;4,05;1,134;0,02;0,026;0
"430";7,811;0,588;0,066;0,141;0,371;0,65;0,251;3,291;79,885;6,714;0,192;0,009;0,032;0
"431";2,784;1,108;0,265;0,164;0,099;0,824;1,34;0,946;88,887;3,071;0,461;0,027;0,024;0
"432";8,384;0,693;0,157;0,188;0,418;0,241;66,35;1,086;19,552;2,56;0,325;0,004;0,042;0
"433";2,959;0,617;0,618;0,099;0,092;0,454;0,396;20,202;71,457;2,487;0,603;0,007;0,01;0
"434";3,587;1,088;0,171;0,397;0,205;0,409;1,863;1,031;62,826;27,84;0,454;0,026;0,102;0
"435";4,819;1,085;0,195;0,183;2,034;0,214;0,995;5,804;57,712;26,378;0,503;0,028;0,05;0
"436";1,924;0,453;0,122;0,934;0,081;0,064;3,198;0,477;27,027;65,44;0,268;0,01;0,003;0
"437";3,227;0,561;0,037;0,099;0,129;0,162;0,465;7,16;86,089;1,98;0,079;0,002;0,011;0
"438";6,324;0,669;0,152;0,129;0,931;1,041;0,814;6,199;70,973;3,189;9,522;0,032;0,026;0
"439";9,712;29,896;0,167;5,641;0,332;0,833;0,681;2,168;43,193;6,884;0,452;0,006;0,035;0
"440";9,716;0,355;0,078;0,167;0,121;0,3;0,391;0,85;85,171;2,471;0,211;0,009;0,162;0
"441";4,43;1,038;0,147;0,229;0,814;0,688;3,363;8,504;68,71;11,472;0,349;0,21;0,046;0
"442";6,995;1,639;0,118;0,136;0,927;0,241;0,433;4,028;79,691;3,972;1,759;0,009;0,053;0
"443";13,256;1,003;0,079;0,027;0,136;0,306;0,513;8,079;74,539;1,54;0,466;0,011;0,046;0
"444";4,776;4,209;0,106;0,763;0,363;0,164;1,081;4,847;79,022;4,379;0,253;0,03;0,005;0
"445";7,751;1,589;0,253;0,117;0,938;0,097;0,398;1,983;80,959;1,787;4,1;0,022;0,007;0
"446";5,649;0,62;12,206;0,08;0,741;0,147;0,431;2,745;62,707;14,53;0,115;0,02;0,009;0
"447";13,269;1,354;0,105;0,064;2,014;1,101;0,74;5,691;73,86;1,591;0,19;0,013;0,009;0
"448";8,639;0,74;0,137;0,04;0,193;0,289;0,722;1,853;75,018;12,088;0,229;0,016;0,038;0
"449";5,469;0,718;0,163;0,128;0,313;3,52;0,83;4,174;76,569;7,791;0,27;0,032;0,025;0
"450";1,763;0,252;0,128;0,02;0,041;0,05;0,214;0,494;29,98;66,993;0,035;0,017;0,014;0
"451";12,489;0,333;0,057;0,278;0,049;0,185;0,729;2,475;54,746;28,518;0,126;0,005;0,01;0
"452";1,693;0,187;0,014;0,092;0,04;0,142;0,156;0,183;7,771;89,687;0,031;0,002;0,001;0
"453";28,465;1,859;0,27;0,072;0,143;0,249;1,188;1,909;58,516;6,855;0,365;0,03;0,078;0
"454";9,544;0,944;0,18;0,076;0,535;0,366;1,056;6,126;73,976;6,983;0,18;0,019;0,013;0
"455";27,366;0,232;0,023;0,095;0,06;0,236;1,012;2,647;57,807;10,353;0,136;0,003;0,028;0
"456";23,245;0,587;0,049;0,065;0,22;0,239;0,806;2,213;65,642;4,355;2,54;0,01;0,03;0
"457";21,294;0,402;0,053;29,192;0,134;0,372;0,922;1,072;43,16;2,612;0,63;0,013;0,146;0
"458";1,849;0,776;0,336;0,02;0,723;0,229;0,544;1,545;89,705;4,041;0,187;0,036;0,009;0
"459";43,629;1,012;0,266;0,082;0,367;0,308;0,819;8,655;40,115;4,128;0,595;0,018;0,007;0
"460";15,622;1,374;0,221;0,15;0,666;0,104;0,892;3,842;73,096;3,286;0,594;0,023;0,13;0
"461";5,209;0,682;0,055;0,069;0,255;0,284;0,364;3,346;86,123;3,238;0,342;0,005;0,027;0
"462";14,517;0,621;0,209;0,155;0,128;0,196;1,74;1,42;77,503;2,822;0,62;0,041;0,027;0
"463";5,659;1,151;0,233;0,097;0,717;0,111;0,488;2,295;78,643;10,099;0,396;0,014;0,096;0
"464";6,757;0,631;0,274;0,187;0,224;1,065;1,964;20,94;57,31;10,349;0,23;0,017;0,05;0
"465";12,647;0,699;0,126;0,195;0,216;1,026;1,156;2,406;76,608;4,483;0,405;0,017;0,016;0
"466";4,17;0,842;0,076;0,085;0,291;0,453;0,506;36,304;53,32;3,835;0,079;0,029;0,01;0
"467";36,058;1,259;0,081;0,186;0,493;5,586;1,387;4,829;36,884;12,8;0,302;0,134;0;0
"468";26,904;1,416;0,281;0,107;0,094;0,152;0,348;10,424;56,521;3,524;0,21;0,01;0,008;0
"469";10,09;1,076;0,228;0,133;1,341;0,214;0,559;2,086;78,113;5,746;0,279;0,084;0,051;0
"470";7,937;1,093;0,139;0,085;0,103;0,755;0,657;4,653;78,277;6,171;0,113;0,003;0,014;0
"471";2,431;0,743;0,085;0,21;0,491;0,381;1,931;1,679;85,775;6,009;0,205;0,02;0,039;0
"472";4,979;1,79;0,355;0,038;0,407;1,525;0,963;1,55;69,032;19,105;0,231;0,018;0,006;0
"473";1,406;0,594;0,764;0,056;0,187;0,145;0,539;1,648;78,758;4,767;10,92;0,008;0,209;0
"474";3,827;0,446;0,02;0,179;0,135;0,571;0,407;1,729;81,983;10,543;0,149;0,012;0;0
"475";10,735;1,436;3,966;0,059;0,706;0,89;0,501;6,351;68,101;6,104;0,987;0,026;0,136;0
"476";62,549;0,618;0,037;0,05;0,079;0,237;0,969;1,147;29,815;4,26;0,189;0,031;0,019;0
"477";23,531;0,338;0,044;0,021;0,065;0,199;0,213;0,916;51,857;22,569;0,128;0,017;0,102;0
"478";14,395;1,848;0,174;0,072;0,22;0,552;3,998;15,189;60,016;3,282;0,14;0,059;0,054;0
"479";11,5;2,712;0,088;0,056;0,577;0,649;0,425;2,586;79,13;1,982;0,156;0,013;0,126;0
"480";7,619;0,512;0,078;0,027;0,141;0,319;1,371;14,902;64,079;9,748;0,205;0,015;0,983;0
"481";4,817;0,997;0,098;0,069;0,21;0,286;0,957;5,041;76,999;10,266;0,182;0,053;0,026;0
"482";7,142;1,068;0,256;0,097;0,114;0,22;0,47;1,582;71,146;17,71;0,141;0,04;0,015;0
"483";13,016;4,651;0,171;0,328;0,395;0,332;2,747;4,54;60,45;12,902;0,397;0,009;0,062;0
"484";2,825;0,273;0,026;0,046;0,073;0,097;0,456;79,197;12,681;4,056;0,084;0,182;0,005;0
"485";77,906;0,232;0,01;0,007;0,024;0,052;0,223;0,252;5,927;15,329;0,022;0,006;0,011;0
"486";5,427;12,481;0,114;0,322;0,186;0,343;1,012;1,363;71,111;7,289;0,305;0,017;0,03;0
"487";6,369;1,74;0,249;0,447;0,188;2,102;1,059;1,269;68,63;17,569;0,303;0,012;0,064;0
"488";3,818;4,78;1,172;0,216;0,134;0,188;0,27;3,153;84,063;1,956;0,17;0,03;0,051;0
"489";15,766;1,86;0,465;0,17;1,174;0,88;1,169;6,441;28,526;41,266;1,41;0,101;0,771;0
"490";9,41;1,673;0,04;0,353;0,198;0,602;0,523;4,01;70,675;12,138;0,362;0,003;0,014;0
"491";5,9;1,803;0,199;0,437;1,026;0,175;2,839;1,225;82,107;3,471;0,32;0,008;0,488;0
"492";16,947;0,404;0,079;0,262;0,089;0,105;0,178;3,881;75,177;1,397;1,453;0,019;0,007;0
"493";1,158;81,166;0,047;0,007;0,068;0,065;0,177;2,592;13,647;0,857;0,208;0,002;0,006;0
"494";5,35;3,002;0,262;0,112;0,423;0,348;1,296;3,604;80,818;4,176;0,556;0,025;0,029;0
"495";23,275;2,065;1,067;0,041;0,159;0,366;0,944;0,689;64,915;5,286;0,24;0,025;0,926;0
"496";28,053;0,798;0,352;0,154;0,141;2,261;0,359;3,693;46,446;17,541;0,14;0,022;0,04;0
"497";3,768;2,776;0,042;0,111;0,233;0,369;0,331;4,83;79,978;6,098;1,43;0,008;0,025;0
"498";18,858;1,155;1,413;0,161;0,338;0,298;4,673;1,18;51,526;19,598;0,773;0,021;0,005;0
"499";5,391;1,601;23,104;0,185;0,189;0,195;1,663;5,29;45,083;16,984;0,258;0,024;0,033;0
"500";8,564;1,025;0,149;0,239;0,445;0,892;1,323;9,206;71,015;6,274;0,759;0,009;0,099;0
"501";11,082;0,829;1,075;0,074;0,263;0,826;1,108;10,757;67,234;5,584;0,336;0,025;0,808;0
"502";9,251;1,039;0,265;0,298;0,364;0,144;2,525;32,834;49,559;3,518;0,152;0,014;0,037;0
"503";2,882;0,474;0,066;0,102;0,094;0,206;0,396;1,688;63,497;30,205;0,374;0,01;0,007;0
"504";2,283;0,615;0,063;0,45;0,136;0,366;2,645;1,917;83,314;7,997;0,159;0,022;0,034;0
"505";3,681;0,67;0,146;0,033;0,097;2,438;0,646;1,606;72,688;17,857;0,083;0,013;0,042;0
"506";22,64;1,543;1,722;0,061;1,095;0,315;0,976;1,575;61,121;8,446;0,264;0,021;0,221;0
"507";16,111;3,141;0,107;0,191;0,497;2,761;4,212;2,572;64,876;4,949;0,38;0,038;0,165;0
"508";5,104;1,56;0,099;0,221;0,277;0,261;0,82;6,254;71,082;7,617;6,634;0,026;0,044;0
"509";26,237;9,635;0,169;0,027;0,302;1,413;1,048;8,483;49,599;2,852;0,191;0,024;0,021;0
"510";50,256;0,372;0,035;0,109;0,135;0,579;0,541;1,453;44,941;1,236;0,323;0,007;0,012;0
"511";3,131;0,794;0,143;0,045;0,284;0,715;1,302;0,945;69,286;23,002;0,234;0,037;0,082;0
"512";5,482;1,234;0,103;0,238;2,144;0,126;0,571;1,906;83,204;4,773;0,194;0,007;0,017;0
"513";1,669;0,372;0,958;0,11;72,909;0,109;0,266;1,973;18,264;3,191;0,065;0,004;0,11;0
"514";7,18;7,451;0,44;0,327;0,455;8,239;1,012;26,324;42,67;5,385;0,47;0,018;0,031;0
"515";4,335;1,4;0,179;0,146;0,135;0,223;0,763;5,978;69,684;16,808;0,186;0,012;0,151;0
"516";3,215;1,378;0,032;0,077;0,472;0,405;0,78;6,492;80,634;5,377;1,108;0,018;0,011;0
"517";15,976;0,409;0,044;0,064;0,171;0,722;0,456;1,253;62,971;17,649;0,228;0,048;0,01;0
"518";3,734;1,506;0,68;0,364;0,423;0,236;1,159;2,389;79,942;5,423;3,987;0,009;0,148;0
"519";3,359;1,668;0,057;0,237;0,481;0,07;0,268;0,803;33,665;47,073;12,281;0,024;0,014;0
"520";2,567;1,693;0,038;0,082;0,497;0,652;1,125;13,465;76,284;2,989;0,471;0,017;0,122;0
"521";4,424;1,767;0,109;0,144;0,057;0,315;0,63;10,064;67,74;14,535;0,181;0,025;0,008;0
"522";10,238;2,264;0,094;0,46;0,229;0,671;0,554;2,369;79,181;3,488;0,329;0,022;0,101;0
"523";6,627;3,107;0,211;0,291;0,28;0,304;1,295;1,219;83,691;2,303;0,601;0,038;0,033;0
"524";2,547;0,209;0,048;0,03;0,16;47,909;0,111;0,633;47,373;0,865;0,085;0,007;0,023;0
"525";6,711;0,4;0,163;0,011;0,153;0,308;0,763;32,422;56,718;1,995;0,274;0,054;0,029;0
"526";7,47;2,979;0,105;1,275;0,383;0,164;0,285;1,708;81,895;3,23;0,469;0,013;0,024;0
"527";8,25;0,561;0,425;0,066;0,21;40,534;0,598;2,904;23,283;22,548;0,282;0,018;0,321;0
"528";4,786;0,556;0,142;0,122;0,114;0,364;0,526;1,818;72,305;19,01;0,223;0,019;0,015;0
"529";2,764;1,372;0,901;0,091;0,367;0,63;0,405;1,01;79,908;12,128;0,346;0,016;0,061;0
"530";1,986;0,112;0,036;0,272;0,035;0,023;0,16;0,734;6,492;90,021;0,108;0,012;0,01;0
"531";12,171;0,754;0,12;0;0,186;0,89;5,126;4,116;66,13;10,017;0,39;0,019;0,08;0
"532";5,616;3,599;0,137;0,086;0,195;0,383;0,902;2,055;78,429;7,629;0,556;0,016;0,397;0
"533";2,624;1,96;0,089;0,07;0,689;4,31;0,78;10,029;76,383;2,858;0,084;0,102;0,022;0
"534";2,129;0,325;0,09;0,284;0,169;0,199;0,366;48,817;31,186;16,206;0,127;0,008;0,093;0
"535";5,053;1,044;0,12;0,18;0,482;0,211;0,976;5,813;73,32;12,24;0,408;0,119;0,033;0
"536";5,38;1,204;0,057;0,135;0,122;0,837;0,422;2,022;70,081;19,593;0,06;0,016;0,071;0
"537";4,468;0,554;0,088;0,201;0,237;0,088;0,298;0,959;38,672;54,2;0,21;0,021;0,007;0
"538";1,672;0,273;0,081;0,01;0,194;0,117;0,188;0,793;56,686;39,815;0,12;0,004;0,048;0
"539";11,697;4,521;0,78;0,143;0,352;2,448;0,722;4,773;62,22;11,961;0,293;0,027;0,063;0
"540";8,006;0,44;1,094;0,189;0,177;0,302;0,854;3,536;60,074;25,195;0,112;0,005;0,016;0
"541";3,348;2,493;0,236;0,078;0,301;0,482;0,631;0,751;83,545;7,924;0,196;0,006;0,009;0
"542";4,265;0,647;0,221;0,108;0,493;0,217;0,414;34,33;53,541;5,541;0,207;0,012;0,004;0
"543";19,626;0,559;0,118;0,098;0,439;0,237;0,628;1,375;69,487;6,426;0,906;0,022;0,081;0
"544";8,02;0,703;0,09;0,096;0,15;1,094;1,153;1,111;58,161;29,23;0,163;0,025;0,004;0
"545";8,735;0,884;0,082;0,122;0,104;0,297;1,257;7,223;20,907;60,14;0,202;0,008;0,04;0
"546";13,08;0,865;0,131;0,114;0,154;5,383;0,928;12,337;56,563;8,2;2,059;0,055;0,131;0
"547";17,597;1,654;0,262;1,583;0,865;0,396;0,707;3,088;61,262;10,488;1,994;0,023;0,082;0
"548";36,299;1,099;0,653;0,101;0,398;0,16;1,339;1,518;43,352;14,623;0,42;0,021;0,017;0
"549";6,89;1,511;2,065;0,288;0,293;0,731;1,518;2,799;42,849;40,871;0,166;0,02;0;0
"550";7,778;1,676;1,164;0,167;0,323;1,582;0,72;6,741;73,969;5,222;0,63;0,004;0,023;0
"551";1,317;0,664;0,248;0,077;0,24;0,111;0,435;11,338;78,678;6,722;0,12;0,011;0,038;0
"552";4,827;0,52;0,085;0,104;0,099;0,119;0,347;9,399;24,095;60,22;0,153;0,008;0,023;0
"553";6,316;1,292;0,354;0,096;1,53;0,516;0,854;2,877;76,328;9,134;0,226;0,076;0,4;0
"554";18,932;1,736;0,29;0,146;0,334;0,137;1,795;2,563;69,607;4,285;0,141;0,011;0,022;0
"555";4,388;2,67;0,091;0,933;0,871;0,704;0,542;4,267;77,459;7,859;0,133;0,023;0,061;0
"556";4,309;0,833;0,076;0,102;0,072;0,088;0,142;1,631;36,213;56,16;0,353;0,014;0,006;0
"557";41,561;4,437;0,369;0,174;0,306;3,235;1,282;2,264;42,238;3,996;0,08;0,019;0,042;0
"558";58,861;0,958;0,314;0,07;0,071;0,1;0,25;0,755;34,557;3,924;0,124;0,013;0,004;0
"559";5,118;1,083;0,193;0,133;0,247;0,359;0,724;2,7;57,75;31,342;0,268;0,008;0,075;0
"560";6,241;1,834;0,268;0,29;0,181;0,368;0,891;1,119;85,704;2,686;0,379;0,019;0,019;0
"561";1,839;5,899;0,441;0,089;0,198;1,251;0,774;3,231;65,318;7,944;0,203;0,01;12,804;0
"562";25,807;1,276;0,053;0,159;0,135;0,148;0,585;2,909;60,95;7,644;0,275;0,019;0,04;0
"563";3,302;6,766;0,261;0,129;0,123;0,365;0,435;3,368;82,37;1,423;1,447;0,011;0;0
"564";9,936;0,688;0,108;0,241;0,481;1,296;1,865;4,799;71,572;7,264;1,053;0,017;0,68;0
"565";3,741;2,764;0,042;0,315;1,883;0,43;1,129;0,597;82,489;6,399;0,127;0,054;0,029;0
"566";15,871;0,621;0,441;0,496;1,124;0,415;0,452;2,277;71,114;6,749;0,384;0,024;0,032;0
"567";3,25;0,524;0,018;0,018;1,292;0,072;0,053;0,173;8,409;86,157;0,032;0,002;0,001;0
"568";6,45;0,596;0,035;0,086;0,353;1,047;1,973;49,8;35,008;4,227;0,374;0,013;0,037;0
"569";14,042;1,267;0,231;0,91;0,341;3,847;2,901;2,103;60,085;14,023;0,199;0,028;0,024;0
"570";16,131;1,274;0,244;0,094;0,995;0,681;1,355;10,21;53,051;15,154;0,733;0,053;0,025;0
"571";16,291;1,103;0,1;3,826;0,182;0,381;0,971;3,886;66,326;6,562;0,318;0,005;0,05;0
"572";27,233;0,893;0,973;0,13;1,224;7,865;0,299;0,708;53,636;6,7;0,181;0,045;0,114;0
"573";6,479;0,793;0,225;0,047;0,127;0,266;0,52;5,818;72,564;12,643;0,365;0,005;0,148;0
"574";3,92;1,161;0,139;0,053;0,352;0,277;1,805;3,812;73,075;15,077;0,32;0,009;0;0
"575";3,259;1,09;0,65;0,27;0,534;0,297;3,054;3,705;69,397;17,446;0,263;0,017;0,017;0
"576";47,448;0,32;0,111;0,062;0,181;0,222;0,194;4,149;45,103;2;0,192;0,005;0,013;0
"577";2,762;2,275;0,056;0,187;0,238;0,601;0,682;3,972;71,451;17,108;0,274;0,013;0,383;0
"578";4,633;0,815;0,144;0,075;0,216;2,603;0,474;1,434;62,177;27,092;0,274;0,01;0,054;0
"579";24,182;1,75;0,097;0,189;0,132;0,11;0,508;4,208;66,107;2,566;0,119;0,02;0,013;0
"580";7,242;0,45;0,104;0,13;0,111;0,158;0,972;2,399;83,113;4,816;0,115;0,023;0,37;0
"581";2,516;6,724;0,153;0,17;0,287;1,007;4,881;2,275;56,499;25,179;0,22;0,048;0,041;0
"582";2,814;1,39;0,113;1,065;0,292;0,118;0,381;1,007;67,416;24,921;0,32;0,006;0,158;0
"583";4,655;24,848;0,716;0,085;0,631;0,198;0,653;4,217;53,613;9,994;0,339;0,043;0,009;0
"584";13,028;1,443;0,106;0,192;0,223;0,947;1,064;2,309;77,914;2,339;0,332;0,065;0,038;0
"585";7,352;0,671;0,119;0,055;0,238;1,131;3,298;2,512;80,809;3,435;0,208;0,01;0,163;0
"586";16,14;1,462;0,769;0,072;0,145;0,301;1,108;5,948;59,047;14,435;0,493;0,016;0,063;0
"587";3,067;1,382;0,042;0,056;0,094;0,147;0,702;1,097;80,19;13,064;0,127;0,016;0,014;0
"588";4,048;0,879;0,108;0,164;0,315;5,507;0,854;2,285;71,499;14,152;0,123;0,033;0,034;0
"589";2,133;0,692;0,099;0,179;0,91;0,208;0,63;1,657;90,104;3,212;0,128;0,014;0,032;0
"590";7,207;2,067;0,58;0,022;0,124;4,066;1,237;1,263;73,347;9,741;0,306;0,006;0,033;0
"591";42,064;1,381;4,907;0,213;0,18;1,795;0,48;1,943;40,165;6,076;0,63;0,018;0,148;0
"592";1,37;0,255;0,19;0,026;0,038;0,057;0,175;80,959;10,241;1,282;5,362;0,018;0,026;0
"593";11,025;2,78;0,232;0,162;0,452;0,455;0,937;9,595;66,703;7,056;0,476;0,039;0,088;0
"594";8,583;3,723;1,28;0,399;0,315;2,124;0,947;3,289;64,308;14,785;0,225;0,016;0,004;0
"595";10,301;0,333;0,034;0,229;2,587;0,088;0,214;2,855;28,444;54,553;0,343;0,018;0;0
"596";36,702;0,927;0,195;0,093;0,305;1,239;1,811;1,472;52,54;4,348;0,308;0,016;0,044;0
"597";71,079;0,227;0,034;0,076;0,107;0,027;0,166;0,979;21,62;5,388;0,29;0,002;0,003;0
"598";5,509;1,643;0,12;0,26;0,234;3,502;0,81;3,328;65,819;18,445;0,234;0,008;0,087;0
"599";4,552;0,586;0,063;0,127;0,118;0,245;0,434;2,213;68,129;21,631;1,839;0,038;0,024;0
"600";7,894;1,003;0,494;0,196;0,285;0,806;1,393;4,111;72,704;10,765;0,32;0,021;0,008;0
"601";3,193;0,638;0,07;2,652;1,085;6,347;1,234;3,951;76,21;4,401;0,19;0,007;0,022;0
"602";3,447;2,375;0,095;0,092;0,127;0,094;1,974;1,47;61,7;27,44;1,163;0,01;0,013;0
"603";6,159;1,215;0,707;0,183;0,46;0,161;0,556;2,483;76,076;11,648;0,329;0,018;0,006;0
"604";3,071;0,43;0,553;0,069;0,082;0,141;1,464;3,98;84,44;5,524;0,193;0,015;0,038;0
"605";15,804;1,169;0,859;0,537;1,129;0,76;2,313;2,025;68,81;6,154;0,344;0,059;0,039;0
"606";6,284;3,537;0,104;0,133;0,608;0,576;0,648;3,063;75,618;3,18;5,187;0,025;1,037;0
"607";12,062;0,845;0,11;0,533;0,612;0,259;0,986;2,614;58,228;17,367;6,3;0,039;0,043;0
"608";11,341;1,752;0,084;0,475;0,286;2,344;0,461;13,348;60,908;7,384;1,572;0,013;0,034;0
"609";11,376;0,647;0,026;0,131;4,326;0,054;0,255;4,511;75,744;2,792;0,111;0,008;0,019;0
"610";31,358;1,185;0,144;0,094;0,672;0,336;1,731;2,519;58,287;3,54;0,096;0,004;0,035;0
"611";2,734;3,841;0,162;0,156;0,207;1,058;0,607;1,956;70,697;17,469;1,062;0,029;0,022;0
"612";23,748;0,766;0,064;0,127;0,786;1,73;0,691;1,011;63,271;5,372;2,312;0,065;0,056;0
"613";5,3;0,959;0,227;0,119;0,279;13,031;4,974;3,811;62,079;8,121;1,083;0,009;0,008;0
"614";17,131;2,343;0,193;0,096;0,769;0,4;0,564;0,915;74,463;1,864;1,19;0,034;0,039;0
"615";6,714;1,135;0,162;1,209;0,304;0,758;0,419;0,853;79,936;6,358;2,061;0,008;0,084;0
"616";40,978;4,1;0,056;1,01;0,233;0,171;0,461;6,578;43,803;2,276;0,233;0,096;0,005;0
"617";4,58;0,762;0,038;0,104;0,198;1,167;0,445;25,223;62,436;4,808;0,187;0,012;0,04;0
"618";18,491;0,955;0,119;0,082;4,164;0,889;1,373;2,256;62,796;8,351;0,165;0,034;0,325;0
"619";1,811;80,831;0,027;0,013;0,038;0,09;0,115;0,543;13,221;3,267;0,037;0,004;0,003;0
"620";11,073;5,157;0,131;0,235;0,132;0,424;1,11;2,042;71,304;7,614;0,543;0,198;0,035;0
"621";1,899;0,498;0,133;0,109;0,052;0,104;0,475;32,605;43,477;19,894;0,701;0,002;0,051;0
"622";4,108;6,783;7,318;0,11;1,675;0,163;0,814;9,918;63,064;5,563;0,292;0,007;0,187;0
"623";20,138;0,469;0,087;0,298;2,11;0,169;0,375;2,631;67,803;5,757;0,151;0,014;0;0
"624";33,682;0,768;0,223;0,497;0,973;0,496;0,648;2,805;56,858;2,778;0,228;0,009;0,034;0
"625";2,763;2,073;0,804;0,169;0,253;2,441;0,422;20,391;59,289;10,978;0,32;0,013;0,084;0
"626";5,331;0,799;0,17;0,173;0,658;0,278;0,635;4,663;83,784;3,048;0,446;0,015;0;0
"627";3,256;7,797;0,12;0,061;0,726;0,36;0,342;13,972;69,316;3,856;0,125;0,008;0,06;0
"628";3,338;1,216;0,083;2,351;0,448;6,124;1,856;5,595;74,046;4,135;0,635;0,017;0,155;0
"629";5,553;1,354;0,34;0,097;0,2;2,3;1,144;2,533;71,158;14,762;0,516;0,022;0,022;0
"630";7,653;1,427;0,231;0,361;0,263;0,093;11,999;1,122;73,842;1,942;0,993;0,023;0,051;0
"631";3,49;1,368;0,192;0,213;0,81;1,376;0,557;1,506;84,234;5,664;0,555;0,006;0,029;0
"632";38,486;0,619;0,064;0,036;0,556;0,441;0,642;0,83;55,519;2,275;0,382;0,009;0,14;0
"633";2,603;1,09;1,586;0,183;0,211;0,173;4,825;8,178;76,89;4,012;0,223;0,011;0,014;0
"634";39,487;1,437;0,396;0,178;0,076;0,464;0,348;5,631;44,363;7,146;0,45;0,013;0,012;0
"635";5,179;1,067;0,25;0,274;1,582;0,465;3,403;2,583;75,743;7,443;1,962;0,011;0,039;0
"636";6,367;0,669;0,069;0,106;0,052;0,338;0,438;3,453;84,602;2,175;1,495;0,011;0,226;0
"637";11,383;0,435;0,035;0,441;0,127;0,177;0,187;1,999;30,183;54,433;0,588;0,008;0,003;0
"638";2,407;1,044;3,29;0,06;0,173;0,183;0,224;1,542;48,314;42,647;0,098;0,011;0,007;0
"639";3,626;0,731;0,196;0,045;0,236;1,028;0,632;1,003;30,308;62,01;0,161;0,014;0,01;0
"640";5,674;1,596;0,195;0,416;0,338;0,64;0,553;1,648;85,144;3,072;0,682;0,022;0,02;0
"641";36,927;0,578;0,058;0,714;0,123;0,483;6,055;5,581;43,369;5,669;0,334;0,022;0,087;0
"642";7,212;1,799;0,132;0,196;0,763;0,429;1,557;6,804;78,379;2,352;0,262;0,02;0,095;0
"643";6,638;1,827;0,092;0,117;0,477;43,288;0,803;7,737;33,437;5,246;0,302;0,018;0,019;0
"644";5,581;0,604;0,084;0,042;0,368;0,193;0,823;2,368;69,233;4,419;16,263;0,012;0,011;0
"645";11,155;2,505;0,118;1,65;0,333;3,203;1,022;4,428;61,232;13,017;1,198;0,067;0,072;0
"646";10,265;0,532;1,162;0,011;0,428;1,871;0,714;3,216;79,212;2,043;0,516;0,006;0,022;0
"647";24,721;1,529;0,966;0,057;0,245;0,063;0,323;2,889;59,343;9,348;0,377;0,139;0;0
"648";8,512;0,798;0,08;0,584;0,214;0,438;1,466;3,756;62,383;21,493;0,218;0,028;0,03;0
"649";19,186;0,487;0,121;0,274;1,338;0,18;1,101;14,594;57,546;2,424;2,707;0,028;0,015;0
"650";13,192;0,684;2,444;0,07;0,22;10,367;0,666;10,386;54,341;7,266;0,252;0,052;0,061;0
"651";16,446;1,247;0,11;0,186;0,412;0,806;1,111;6,543;63,805;8,899;0,282;0,021;0,132;0
"652";9,996;0,348;0,428;0,242;0,239;1,999;0,923;0,756;72,006;12,384;0,637;0,018;0,023;0
"653";4,961;0,737;0,464;0,073;0,074;0,363;0,797;12,757;74,485;5,042;0,227;0,017;0,003;0
"654";8,054;16,843;0,179;0,027;0,206;0,239;1,26;8,693;60,582;3,666;0,218;0,007;0,027;0
"655";20,488;1,314;0,186;0,057;0,285;0,14;0,622;2,406;60,931;13,425;0,108;0,02;0,019;0
"656";6,194;0,563;0,114;0,091;0,254;0,165;5,282;7,229;74,937;4,927;0,218;0,005;0,021;0
"657";17,182;1,795;0,251;0,084;0,25;1,665;0,514;4,477;57,389;10,863;5,496;0,012;0,024;0
"658";5,854;2,876;0,082;0,046;0,183;0,336;2,137;1,324;79,437;7,427;0,195;0,051;0,051;0
"659";10,097;3,827;0,443;0,076;0,118;0,63;1,98;1,719;76,252;4,54;0,241;0,012;0,066;0
"660";3,338;1,976;0,042;0,304;0,685;0,299;0,339;1,963;81,948;8,982;0,087;0,02;0,017;0
"661";6,958;1,878;0,248;0,076;0,766;3,626;0,585;1,342;80,033;4,172;0,274;0,008;0,034;0
"662";13,602;1,586;0,362;0,273;1,748;0,188;0,399;4,993;70,846;5,247;0,714;0,013;0,03;0
"663";9,103;0,347;0,035;0,057;0,273;0,129;0,575;1,405;47,531;40,411;0,122;0,008;0,003;0
"664";3,654;1,341;0,157;0,216;0,2;0,161;0,184;0,631;52,916;40,459;0,072;0,001;0,007;0
"665";10,965;1,471;0,347;2,167;0,408;0,388;0,48;8,595;72,589;2,303;0,252;0,012;0,024;0
"666";29,887;1,361;0,095;0,202;0,208;0,401;1,249;6,793;50,959;8,683;0,116;0,024;0,022;0
"667";8,173;33,661;0,524;0,108;0,257;0,283;0,425;1,575;52,306;2,009;0,38;0,005;0,295;0
"668";7,614;0,687;0,447;0,269;0,112;0,3;2,238;4,549;69,682;12,788;1,007;0,044;0,262;0
"669";6,794;1,158;4,141;0,077;0,166;2,77;0,314;1,52;76,542;2,677;3,002;0,01;0,831;0
"670";9,106;1,622;0,164;0,069;0,154;16,284;0,725;12,036;49,017;9,473;1,22;0,01;0,12;0
"671";4,893;0,825;0,089;2,288;0,375;0,317;0,502;9,969;77,996;2,387;0,126;0,081;0,153;0
"672";5,514;0,308;0,103;0,123;0,058;0,133;0,161;65,383;26,525;1,554;0,069;0,01;0,058;0
"673";90,078;0,242;0,268;0,029;0,02;0,068;0,103;0,46;8,349;0,332;0,039;0,003;0,009;0
"674";28,851;1,236;3,406;0,109;0,699;0,464;0,619;7,888;52,97;3,376;0,246;0,012;0,125;0
"675";4,999;1,107;0,09;1,051;0,261;1,214;0,89;2,405;80,788;7,002;0,161;0,021;0,012;0
"676";16,201;9,495;0,781;0,067;4,213;0,531;0,371;0,857;61,421;5,482;0,542;0,005;0,034;0
"677";7,187;1,386;0,153;0,091;0,229;0,347;0,96;17,132;67,228;4,937;0,204;0,06;0,086;0
"678";3,05;1,064;0,636;0,893;0,141;0,246;9,211;1,087;76,999;6,408;0,181;0,012;0,072;0
"679";3,857;1,253;0,129;0,129;0,307;0,788;0,402;26,08;62,441;4,273;0,19;0,014;0,136;0
"680";6,596;0,494;0,219;0,24;0,685;0,319;0,481;7,049;76,342;4,405;0,281;0,033;2,856;0
"681";2,54;0,874;0,029;2,463;0,139;0,112;1,808;3,333;83,593;4,884;0,174;0,024;0,026;0
"682";8,541;1,292;0,385;0,237;0,299;0,2;20,998;0,748;62,229;4,83;0,152;0,019;0,07;0
"683";12,437;2,909;0,205;0,234;0,857;0,332;0,19;2,574;77,563;2,403;0,15;0,007;0,141;0
"684";30,402;1,116;0,066;0,116;0,226;1,371;1,135;1,81;29,189;33,977;0,519;0,037;0,034;0
"685";9,973;2,854;0,623;0,272;0,463;2,212;0,758;10,999;69,259;2,357;0,179;0,039;0,01;0
"686";9,156;1,694;0,207;0,147;0,462;0,183;0,657;1,11;83,406;2,843;0,107;0,006;0,022;0
"687";35,657;1,225;0,432;0,075;1,957;0,382;1,656;1,568;43,55;13,203;0,223;0,009;0,063;0
"688";5,31;6,294;0,1;0,173;0,404;1,476;0,921;5,63;76,037;2,876;0,73;0,014;0,035;0
"689";2,646;0,937;0,105;0,027;0,27;0,383;1,067;9,26;78,156;6,735;0,218;0,051;0,144;0
"690";10,679;1,084;0,238;0,367;0,694;0,367;0,615;6,06;68,788;10,699;0,294;0,033;0,083;0
"691";2,884;1,156;0,08;1,866;0,211;0,961;0,603;8,183;78,071;3,7;2,104;0,014;0,166;0
"692";2,566;0,539;0,042;0,076;2,694;1,953;1,574;6,416;80,022;3,796;0,268;0,004;0,05;0
"693";3,631;0,603;0,085;0,04;0,577;13,856;0,752;1,918;68,689;9,706;0,11;0,009;0,023;0
"694";67,835;0,544;0,023;0,092;0,147;0,082;0,168;1,158;25,852;3,69;0,39;0,004;0,015;0
"695";14,774;0,716;0,211;0,208;0,299;0,262;1,912;3,156;70,767;7,487;0,146;0,017;0,045;0
"696";2,987;1,457;0,129;0,836;0,362;0,168;0,87;1,789;69,162;22,101;0,11;0,008;0,019;0
"697";6,019;1,524;0,565;0,142;0,369;0,367;0,727;11,412;68,419;10,201;0,192;0,024;0,04;0
"698";6,868;1,658;0,073;0,333;1,677;0,247;1,091;4,079;78,315;5,439;0,178;0,021;0,021;0
"699";6,338;1,223;0,252;0,137;0,145;0,654;3,544;5,001;78,207;4,166;0,274;0,021;0,039;0
"700";51,695;0,373;0,044;0,434;0,312;0,978;0,142;0,573;43,15;2,203;0,069;0,008;0,018;0
"701";5,374;1,158;0,504;0,095;0,199;0,105;0,272;1,168;88,415;2,624;0,073;0,007;0,007;0
"702";13,47;8,282;0,054;0,09;0,562;0,097;0,31;1,934;73,457;1,411;0,273;0,009;0,052;0
"703";8,3;1,404;0,162;0,124;0,643;1,091;0,88;3,397;75,165;7,351;0,713;0,679;0,091;0
"704";3,002;1,24;0,206;0,094;0,101;0,631;3,363;15,436;73,176;2,626;0,096;0,012;0,017;0
"705";44,623;1,275;0,088;0,11;0,161;0,934;3,366;15,216;29,137;4,747;0,283;0,024;0,037;0
"706";3,783;0,8;0,367;0,089;0,169;1,094;0,553;2,437;88,55;1,924;0,164;0,007;0,066;0
"707";40,657;0,695;0,056;0,998;0,199;0,777;0,896;0,823;51,122;3,561;0,166;0,014;0,036;0
"708";10,125;1,421;0,339;0,134;0,125;0,876;1,023;1,543;73,802;10,057;0,469;0,02;0,066;0
"709";5,595;0,593;0,045;0,065;0,175;0,268;0,78;3,86;84,087;4,056;0,383;0,005;0,09;0
"710";5,131;2,145;0,593;0,231;0,159;2,067;1,108;8,535;72,919;6,711;0,392;0,008;0;0
"711";9,249;1,245;0,699;0,67;1,138;0,178;2,11;1,079;77,961;5,379;0,208;0,031;0,051;0
"712";6,945;3,526;0,233;0,137;3,235;0,687;0,876;3,616;71,69;8,742;0,22;0,034;0,058;0
"713";5,101;3,713;0,063;0,22;0,724;0,484;1,359;3,073;80,217;3,969;0,961;0,041;0,075;0
"714";7,662;2,38;0,052;0,082;0,469;0,316;0,534;4,299;80,909;3,018;0,23;0,03;0,019;0
"715";24,478;5,625;0,11;1,076;3,852;0,165;0,749;2,537;40,778;19,111;1,343;0,015;0,16;0
"716";35,806;1,234;1,097;0,181;0,211;0,198;0,651;1,825;49,553;8,358;0,193;0,019;0,675;0
"717";5,859;3,07;0,031;0,073;0,102;0,112;1,155;8,402;69,2;11,636;0,083;0,012;0,264;0
"718";4,409;48,991;0,031;0,044;0,231;0,121;0,145;3,917;40,76;1,125;0,222;0,004;0;0
"719";6,656;0,675;0,038;0,118;0,347;0,334;0,396;5,004;83,533;2,581;0,289;0,016;0,014;0
"720";6,56;1,309;0,961;0,092;0,903;0,218;2,999;5,44;72,325;8,647;0,494;0,02;0,034;0
"721";8,092;1,26;0,221;0,276;0,146;0,205;0,315;2,619;38,759;46,771;0,57;0,097;0,669;0
"722";7,29;0,51;0,148;0,02;0,088;28,368;0,299;0,712;47,734;14,53;0,163;0,018;0,119;0
"723";37,213;0,85;0,081;0,172;0,126;0,165;1,002;4,265;46,033;8,544;0,773;0,007;0,767;0
"724";12,708;0,702;0,126;0,102;1,505;0,389;1,426;1,135;73,572;7,969;0,23;0,019;0,118;0
"725";5,798;5,852;0,062;0,051;0,129;0,167;0,813;2,772;78,3;5,866;0,165;0,016;0,01;0
"726";27,962;7,045;0,156;0,07;0,195;0,23;0,931;5,594;44,144;13,322;0,318;0,027;0,006;0
"727";45,124;0,786;0,084;1,301;0,079;0,099;0,325;7,823;41,214;2,735;0,416;0,004;0,008;0
"728";7,958;1,781;0,385;0,389;0,151;0,22;0,999;13,305;67,563;6,338;0,83;0,019;0,063;0
"729";7,588;2,186;0,138;0,049;0,149;0,102;0,302;1,656;84,738;2,755;0,327;0,004;0,007;0
"730";6,54;5,663;4,211;0,067;0,227;0,355;0,677;25,951;50,154;4,806;1,04;0,034;0,276;0
"731";8,048;0,713;0,313;0,043;11,294;0,368;0,247;1,447;68,273;5,7;3,522;0,024;0,01;0
"732";5,925;6,044;0,247;0,401;0,13;0,193;0,335;34,798;48,107;2,904;0,525;0,029;0,363;0
"733";4,565;1,322;0,071;0,051;0,268;0,263;1,081;2,547;87,203;2,356;0,227;0,023;0,024;0
"734";0,774;0,399;0,01;0,036;0,031;0,088;0,075;0,185;9,717;88,613;0,071;0,001;0,001;0
"735";1,803;0,644;0,462;0,211;0,112;0,141;0,453;7,095;85,831;3,08;0,105;0,053;0,008;0
"736";6,582;14,447;1,096;0,176;0,121;0,109;0,558;3,098;61,115;11,707;0,898;0,054;0,039;0
"737";4,889;0,843;0,472;0,089;0,234;0,556;1,611;15,162;60,422;15,338;0,347;0,005;0,031;0
"738";8,633;0,31;0,176;0,072;0,437;0,293;2,466;3,584;81,743;2,154;0,085;0,012;0,035;0
"739";7,369;1,826;0,592;0,33;1,977;0,16;0,633;5,327;54,484;27,007;0,247;0,029;0,02;0
"740";4,489;0,746;0,148;0,04;0,284;1,261;0,533;5,422;82,091;4,731;0,184;0,053;0,018;0
"741";11,704;4,639;0,521;0,11;0,342;1,029;3,304;5,152;64,639;7,773;0,692;0,01;0,084;0
"742";6,498;24,435;0,08;0,1;0,24;0,146;0,645;5,876;48,62;13,082;0,249;0,015;0,015;0
"743";6,546;1,102;0,305;0,141;0,113;0,109;0,907;8,205;74,23;7,968;0,132;0,183;0,058;0
"744";14,116;1,165;0,28;0,186;0,212;0,266;0,936;1,722;75,274;4,963;0,784;0,018;0,078;0
"745";8,355;1,521;0,176;0,572;0,831;0,229;1,195;11,102;72,771;2,048;1,175;0,006;0,021;0
"746";9,932;1,698;0,087;0,263;0,227;4,048;1,141;2,44;72,204;7,043;0,88;0,019;0,018;0
"747";8,024;0,522;0,061;0,194;0,597;0,193;1,226;18,407;65,092;5,479;0,174;0,014;0,015;0
"748";6,521;0,896;0,212;0,376;0,415;0,351;0,486;2,067;86,27;2,091;0,106;0,048;0,16;0
"749";2,815;1,171;0,191;0,195;0,128;1,266;0,934;1,996;88,576;2,144;0,498;0,018;0,069;0
"750";26,451;1,193;0,093;0,151;1,832;0,821;0,695;6,188;57,772;4,204;0,544;0,015;0,041;0
"751";25,605;4,405;0,063;0,077;0,085;0,264;1,33;2,862;59,204;5,761;0,303;0,012;0,029;0
"752";20,342;1,773;0,118;0,215;0,265;1,857;1,145;12,79;56,692;4,355;0,393;0,018;0,038;0
"753";5,646;1,421;0,324;0,09;0,211;27,37;2,217;11,308;24,766;15,136;11,402;0,023;0,086;0
"754";25,586;0,709;0,33;0,228;0,449;1,54;1,657;10,641;55,583;2,855;0,284;0,057;0,081;0
"755";4,02;13,425;1,356;0,486;0,35;0,159;2,002;1,515;68,506;7,734;0,263;0,006;0,179;0
"756";26,753;1,739;0,155;0,023;0,211;2,459;0,958;1,337;61,724;4,1;0,524;0,009;0,008;0
"757";3,729;0,399;0,076;0,273;0,196;0,139;0,455;1,327;84,346;8,619;0,366;0,009;0,067;0
"758";4,994;0,834;0,066;0,086;0,35;0,221;2,014;2,219;82,304;6,616;0,246;0,036;0,014;0
"759";14,96;1,575;0,085;0,115;0,655;0,687;0,825;2,85;72,086;5,805;0,317;0,014;0,026;0
"760";38,342;0,533;0,192;0,041;0,131;0,106;0,3;19,375;28,489;12,341;0,104;0,006;0,041;0
"761";3,19;0,471;0,077;0,977;0,229;0,189;0,534;3,857;86,561;2,626;1,21;0,018;0,062;0
"762";14,189;1,55;0,049;1,302;0,421;2,43;5,623;20,993;43,422;9,207;0,758;0,037;0,018;0
"763";1,785;1,205;0,114;0,048;0,231;0,088;0,909;0,87;86,658;7,98;0,093;0,004;0,015;0
"764";6,786;0,606;0,079;0,286;0,196;1,269;0,529;6,232;44,894;37,905;1,147;0,038;0,033;0
"765";4,458;0,895;0,233;0,549;0,309;0,206;0,451;2,055;87,562;3,026;0,195;0,005;0,056;0
"766";3,488;14,821;0,072;0,125;0,099;0,348;0,38;4,286;70,577;1,479;4,298;0,017;0,012;0
"767";9,302;0,979;0,242;0,29;0,449;0,245;2,015;9,756;22,17;53,822;0,435;0,059;0,235;0
"768";29,325;1,785;0,628;1,977;1,676;0,458;0,634;5,152;41,334;16,587;0,319;0,016;0,108;0
"769";6,471;2,453;0,079;0,063;0,156;0,423;2,441;1,631;83,253;2,847;0,151;0,016;0,015;0
"770";0,883;0,099;0,005;0,004;0,007;0,035;0,041;0,267;5,044;93,584;0,03;0,001;0,001;0
"771";4,735;0,989;0,211;0,389;0,622;1,609;0,983;2,719;78,303;8,411;0,859;0,022;0,146;0
"772";4,783;0,411;0,019;0,053;0,049;0,304;0,186;0,779;67,122;4,205;22,078;0,002;0,01;0
"773";7,514;1,167;0,07;0,335;0,105;0,301;0,553;2,478;63,786;22,851;0,701;0,118;0,022;0
"774";2,475;2,969;0,086;0,332;0,46;0,402;1,208;5,133;65,194;21,376;0,287;0,069;0,009;0
"775";52,02;0,938;0,211;0,021;0,286;0,365;0,788;2,292;40,97;1,895;0,124;0,007;0,082;0
"776";9,213;2,582;0,351;0,182;1,616;0,328;1,158;2,717;75,482;5,526;0,311;0,02;0,514;0
"777";8,379;0,961;0,125;0,259;0,144;0,797;0,64;2,823;72,222;13,047;0,517;0,024;0,063;0
"778";6,338;0,844;1,464;0,124;0,451;0,483;0,464;2,132;84,313;3,213;0,15;0,01;0,013;0
"779";3,082;0,528;3,456;0,124;0,067;0,37;0,431;0,63;76,034;13,975;1,227;0,022;0,054;0
"780";2,505;0,628;0,031;0,027;0,142;0,143;0,85;57,602;33,373;4,227;0,431;0,022;0,019;0
"781";2,064;1,097;0,053;0,109;0,075;0,043;0,289;4,109;89,033;2,713;0,32;0,016;0,078;0
"782";12,85;2,071;1,114;0,059;0,322;6,257;0,723;1,274;57,903;17,137;0,197;0,013;0,08;0
"783";18,105;3,064;0,197;3,801;0,071;2,123;0,422;1,41;26,98;43,429;0,383;0,011;0,004;0
"784";6,551;2,444;0,121;0,189;0,268;0,124;0,58;13,795;68,511;7,25;0,138;0,007;0,022;0
"785";10,694;0,749;0,065;0,104;3,109;7,908;0,605;2,85;68,116;5,483;0,306;0,011;0;0
"786";3,535;0,983;0,215;0,287;0,732;0,71;0,259;2,046;85,957;4,702;0,555;0,012;0,006;0
"787";5,483;1,193;1,492;0,146;0,167;0,111;0,417;1,414;85,709;3,273;0,553;0,022;0,019;0
"788";14,943;1,316;0,11;0,414;0,245;1,839;5,189;3,268;67,008;4,941;0,256;0,079;0,392;0
"789";12,864;2,122;0,54;8,303;0,772;1,063;0,96;2,376;57,736;12,652;0,361;0,01;0,241;0
"790";4,482;1,762;0,601;0,318;0,475;0,438;0,942;2,103;76,575;12,007;0,225;0,014;0,058;0
"791";5,766;0,905;0,118;0,511;0,236;0,388;0,92;2,332;69,152;19,333;0,325;0,013;0;0
"792";31,848;1,732;0,261;0,185;0,454;0,917;0,626;3,726;51;9,063;0,105;0,011;0,071;0
"793";31,727;0,691;0,073;0,042;0,061;0,836;0,522;1,077;55,329;9,144;0,414;0,017;0,065;0
"794";52,981;0,464;0,083;0,487;0,097;0,222;0,389;0,992;42,302;1,64;0,305;0,009;0,029;0
"795";17,185;0,791;0,499;0,059;0,107;0,397;1,412;1,518;65,021;12,769;0,171;0,011;0,059;0
"796";3,911;1,044;0,505;0,387;0,329;0,628;0,707;1,129;86,714;3,219;0,737;0,015;0,674;0
"797";5,759;0,391;0,457;0,061;0,147;0,3;0,533;5,832;77,404;7,488;1,491;0,017;0,119;0
"798";77,841;0,544;0,012;0,018;0,085;0,227;0,326;0,545;17,69;2,669;0,04;0,002;0,002;0
"799";7,074;6,946;0,215;0,316;0,471;2,888;0,828;3,788;52,756;24,252;0,434;0,028;0,005;0
"800";5,444;4,726;0,12;0,06;0,073;0,28;0,418;1,87;74,37;12,499;0,118;0,016;0,005;0
"801";64,095;1,471;0,087;0,06;0,462;0,085;0,216;17,123;14,037;2,302;0,052;0,004;0,004;0
"802";5,974;2,695;0,464;0,131;0,255;0,1;0,601;2,359;84,705;2,337;0,34;0,013;0,026;0
"803";10,519;1,018;0,139;6,353;0,089;1,461;0,804;1,365;71,186;6,786;0,25;0,008;0,022;0
"804";6,359;1,337;0,12;0,639;0,43;1,438;2,14;2,145;76,477;8,337;0,473;0,014;0,09;0
"805";1,728;0,708;0,134;0,287;0,155;0,252;31,878;3,371;59,428;1,781;0,192;0,018;0,068;0
"806";11,432;1,119;0,258;1,295;0,345;2,045;2,393;2,983;71,69;5,721;0,607;0,019;0,093;0
"807";7,986;0,633;0,112;0,194;0,706;0,137;0,45;6,181;80,583;2,605;0,392;0,004;0,016;0
"808";7,697;1,407;0,072;0,169;0,261;0,424;0,59;6,607;45,661;36,762;0,292;0,015;0,044;0
"809";0,83;0,33;0,006;0,017;0,024;0,045;0,213;79,538;12,923;6,032;0,035;0,002;0,004;0
"810";14,45;1,473;0,068;0,183;0,237;0,59;1,399;2,274;76,654;2,172;0,454;0,007;0,038;0
"811";7,675;3,428;0,198;0,592;0,161;0,304;5,612;1,787;59,701;20,229;0,263;0,031;0,019;0
"812";19,173;2,159;0,138;0,585;0,095;0,465;0,317;1,278;61,576;13,987;0,158;0,02;0,049;0
"813";19,199;2,151;0,377;1,521;0,353;0,491;0,845;1,254;68,86;2,593;2,313;0,011;0,032;0
"814";8,957;2,684;0,464;0,249;0,847;0,354;0,694;1,989;79,249;4,176;0,304;0,032;0;0
"815";7,691;0,51;0,144;0,06;0,131;0,298;1,102;3,067;82,97;3,674;0,221;0,132;0;0
"816";9,031;22,069;0,745;0,071;0,145;0,314;0,437;1,823;61,057;3,984;0,276;0,013;0,035;0
"817";16,499;0,699;0,24;6,565;0,279;1,786;0,494;16,573;53,758;2,032;0,913;0,044;0,118;0
"818";9,653;1,169;0,165;0,181;0,966;0,278;0,803;18,321;57,661;8,049;0,435;0,018;2,301;0
"819";12,907;0,525;0,038;0,126;0,091;0,264;0,558;5,464;75,201;4,644;0,147;0,021;0,013;0
"820";0,503;0,065;0,036;0,025;88,764;0,013;0,088;1,021;8,374;1,071;0,035;0,002;0,002;0
"821";2,045;0,647;0,09;0,167;0,436;1,181;1,281;0,993;87,773;5,166;0,217;0,003;0;0
"822";4,705;0,525;0,206;0,062;0,09;0,307;0,318;18,975;69,997;4,674;0,1;0,009;0,034;0
"823";5,179;1,154;0,292;0,022;0,081;0,416;0,921;1,355;87,394;3,01;0,118;0,023;0,033;0
"824";5,217;1,188;0,199;0,034;0,857;0,53;0,602;1,698;84,299;3,501;1,808;0,011;0,054;0
"825";3,458;14,295;0,422;0,108;3,582;0,121;0,641;12,465;57,508;7,243;0,132;0,011;0,014;0
"826";11,876;0,851;0,059;0,068;0,061;0,548;0,641;1,829;81,419;2,107;0,497;0,009;0,036;0
"827";24,67;0,611;1,751;0,042;0,183;0,139;1,114;5,712;49,123;6,337;10,272;0,047;0;0
"828";5,68;1,176;0,061;0,174;0,145;0,424;1,188;2,595;84,802;3,33;0,367;0,048;0,011;0
"829";2,512;1,028;0,408;0,215;0,107;0,423;0,452;3,98;87,351;3,336;0,165;0,014;0,008;0
"830";6,351;0,794;0,052;0,339;0,09;0,351;0,478;2,086;83,864;4,772;0,789;0,009;0,026;0
"831";6,839;1,751;0,173;0,053;0,153;0,908;0,67;1,772;82,505;4,596;0,283;0,257;0,041;0
"832";1,063;0,79;0,073;0,056;0,057;0,425;1,287;5,105;86,986;3,328;0,787;0,02;0,022;0
"833";1,539;0,289;0,251;0,023;0,113;0,092;0,277;1,707;93,775;1,832;0,088;0,007;0,008;0
"834";13,569;0,513;1,162;0,105;4,734;0,144;0,637;1,971;73,099;3,591;0,419;0,013;0,043;0
"835";22,006;1,176;0,165;0,035;0,159;11,568;2,345;1,444;58,981;1,815;0,278;0,028;0;0
"836";11,021;3,679;0,208;0,127;0,237;0,397;0,604;2,201;73,281;7,799;0,34;0,092;0,015;0
"837";9,155;0,712;0,048;0,623;0,321;0,652;0,57;2,557;68,129;15,416;1,792;0,025;0;0
"838";4,371;1,062;0,19;0,189;0,446;0,14;0,789;0,764;55,857;34,929;1,164;0,026;0,073;0
"839";17,578;1,179;1,392;0,129;0,981;1,371;5,564;2,497;19,387;49,077;0,826;0,017;0;0
"840";4,402;0,463;0,044;0,091;0,085;0,154;0,482;3,631;48,694;41,712;0,215;0,007;0,02;0
"841";7,013;1,686;0,138;2,35;1,222;0,203;0,939;3,798;79,731;2,721;0,18;0,018;0;0
"842";29,304;0,507;0,118;0,044;0,113;0,243;3,52;28,657;34,882;2,369;0,204;0,001;0,039;0
"843";19,297;2,675;0,038;0,056;0,107;0,295;0,504;1,524;54,093;20,889;0,433;0,056;0,031;0
"844";9,183;16,519;0,229;2,301;0,307;0,903;4,66;9,244;49,827;5,949;0,615;0,055;0,206;0
"845";2,027;51,491;0,037;0,041;0,206;0,332;0,684;0,848;25,396;18,737;0,108;0,003;0,092;0
"846";2,214;0,241;0,786;0,08;0,071;0,361;0,282;23,527;66,426;5,456;0,347;0,012;0,198;0
"847";48,387;0,87;0,137;0,041;0,198;0,113;2,804;1,326;40,653;5,099;0,307;0,021;0,043;0
"848";10,525;1,417;0,074;0,461;0,139;0,493;0,709;1,465;82,417;2,133;0,142;0,014;0,011;0
"849";13,653;0,642;0,179;0,045;0,077;0,733;0,474;4,072;77,999;1,898;0,144;0,01;0,072;0
"850";2,721;1,051;0,042;0,423;0,162;0,736;1,022;2,254;88,027;3,065;0,457;0,017;0,023;0
"851";2,427;0,973;0,106;0,168;0,288;5,014;0,532;0,727;81,45;7,959;0,339;0,003;0,014;0
"852";23,356;3,117;0,24;0,554;0,432;0,134;0,416;2,129;63,94;5,247;0,173;0,026;0,234;0
"853";24,741;0,904;1,172;0,497;1,064;0,472;0,855;3,363;57,889;8,181;0,819;0,018;0,027;0
"854";48,845;0,605;4,004;0,165;0,141;0,182;0,571;3,19;38,461;2,881;0,78;0,137;0,037;0
"855";20,367;0,618;0,041;1,353;0,119;0,186;4,034;1,09;69,295;1,799;1,076;0,01;0,011;0
"856";1,997;0,548;0,123;0,063;10,1;0,325;1,12;0,732;77,602;6,182;1,183;0,016;0,01;0
"857";10,712;1,535;0,208;0,33;0,313;0,324;0,446;10,611;67,906;7,004;0,376;0,021;0,213;0
"858";11,77;4,088;0,173;0,03;0,169;0,964;0,491;8,442;69,211;2,596;1,967;0,028;0,07;0
"859";4,585;2,981;0,248;0,031;0,106;0,263;0,192;30,988;52,961;3,073;0,087;4,451;0,034;0
"860";3,026;2,102;0,057;0,137;1,371;0,314;0,388;2,263;84,621;5,507;0,134;0,025;0,055;0
"861";6,368;1,071;0,086;0,34;0,078;0,711;0,287;1,038;82,258;7,589;0,081;0,01;0,083;0
"862";11,117;0,812;0,325;0,08;0,124;0,52;0,72;6,199;74,186;5,376;0,518;0,014;0,009;0
"863";20,164;0,766;0,279;0,085;0,117;0,194;0,978;1,253;70,842;2,717;2,555;0,023;0,027;0
"864";9,851;2,215;0,424;0,229;0,421;1,077;0,986;1,688;68,931;5,783;8,317;0,019;0,059;0
"865";2,219;0,976;0,03;0,462;0,068;0,383;0,521;2,549;87,073;5,587;0,115;0,007;0,009;0
"866";6,04;1,181;0,128;0,071;0,651;0,731;0,575;3,341;81,338;5,307;0,601;0,015;0,02;0
"867";8,544;2,7;0,106;0,171;0,196;0,386;0,825;18,662;63,734;4,409;0,255;0,012;0;0
"868";6,779;2,835;0,066;0,038;0,465;1,035;0,486;1,848;80,692;5,585;0,152;0,01;0,009;0
"869";4,065;0,774;0,11;0,116;0,117;0,164;0,389;2,463;87,965;1,924;1,632;0,004;0,276;0
"870";3,842;0,809;0,096;0,202;0,207;1,96;0,771;5,995;80,298;4,811;0,887;0,012;0,11;0
"871";11,887;1,241;0,17;0,063;0,486;0,267;1,043;3,254;72,545;6,656;2,34;0,02;0,028;0
"872";8,349;1,335;0,352;0,324;0,401;1,202;0,457;3,255;78,805;5,24;0,161;0,024;0,094;0
"873";25,499;1,917;0,065;0,069;0,132;0,262;0,451;4,732;55,34;11,313;0,168;0,01;0,042;0
"874";5,721;3,943;0,083;0,06;0,399;0,324;1,194;1,18;74,175;12,321;0,246;0,016;0,337;0
"875";5,176;1,298;0,06;0,13;4,605;0,171;0,817;1,896;82,183;3,182;0,448;0,016;0,018;0
"876";12,085;4,497;0,078;0,42;2,201;0,267;0,474;3,114;71,427;4,489;0,62;0,016;0,311;0
"877";3,113;2,093;0,087;0,181;0,183;2,064;0,412;8,92;67,718;14,543;0,509;0,029;0,147;0
"878";15,692;0,532;0,263;0,078;0,168;0,825;0,408;1,082;69,755;10,983;0,137;0,024;0,053;0
"879";24,334;7,32;0,289;0,082;0,235;0,151;0,765;1,076;60,372;5,177;0,193;0,005;0;0
"880";42,669;4,221;0,284;0,147;0,097;0,478;0,666;1,634;44,901;4,714;0,132;0,008;0,048;0
"881";11,56;0,623;0,089;0,778;0,156;0,377;0,648;5,345;69,071;11,174;0,148;0,01;0,022;0
"882";1,48;0,4;0,071;0,051;0,227;0,077;0,334;2,106;60,255;34,86;0,125;0,008;0,005;0
"883";2,86;0,453;0,026;0,023;0,08;0,37;0,291;9,073;75,09;11,6;0,102;0,006;0,026;0
"884";9,739;1,208;0,74;0,319;2,069;0,182;0,939;2,082;77,099;4,543;1,061;0,017;0;0
"885";4,344;2,04;0,044;0,046;0,095;0,257;0,483;1,571;87,008;3,78;0,311;0,018;0,004;0
"886";0,723;0,723;0,047;0,042;0,031;0,036;0,16;0,379;9,44;88,393;0,018;0,003;0,005;0
"887";3,577;0,937;0,143;0,14;0,423;0,115;0,882;0,933;79,608;12,158;0,948;0,026;0,109;0
"888";13,714;0,327;0,045;0,818;0,066;0,38;0,407;17,394;57,331;8,252;1,243;0,017;0,007;0
"889";98,927;0,01;0,001;0,001;0,001;0,06;0,059;0,013;0,446;0,477;0,003;0;0,001;0
"890";8,605;0,541;0,062;0,064;0,49;0,307;0,493;2,864;80,603;5,537;0,402;0,02;0,011;0
"891";1,404;2,115;0,036;0,12;0,348;0,171;0,577;1,304;27,847;65,754;0,306;0,006;0,01;0
"892";11,577;8,745;0,137;0,085;0,231;0,288;0,432;1,699;66,198;10,207;0,357;0,034;0,011;0
"893";18,889;0,792;0,099;7,219;0,371;0,608;0,82;3,546;61,633;5,713;0,236;0,043;0,031;0
"894";18,193;1,637;0,076;0,135;0,313;0,188;1,3;0,907;68,548;8,364;0,159;0,019;0,161;0
"895";16,336;0,642;0,05;0,476;0,131;0,169;0,69;3,818;75,032;2,248;0,357;0,022;0,029;0
"896";5,313;3,196;0,04;0,307;0,147;0,182;0,322;1,569;79,393;9,148;0,187;0,075;0,121;0
"897";15,176;2,058;0,079;0,286;0,569;1,674;0,621;2,143;73,681;3,408;0,203;0,024;0,077;0
"898";5,15;4,378;0,278;0,098;0,352;0,301;0,455;50,233;37,304;1,291;0,097;0,018;0,046;0
"899";9,994;1,535;0,171;0,371;0,319;0,479;0,449;2,763;76,101;6,536;0,207;0,038;1,036;0
"900";13,67;1,041;0,072;0,087;0,156;1,529;0,655;9,657;64,43;3,433;5,204;0,022;0,043;0
"901";1,142;0,046;0,008;0,003;0,002;0,008;0,035;0,113;0,908;97,727;0,004;0;0,003;0
"902";7,717;0,457;0,338;0,045;0,089;0,232;1,889;1,52;80,568;6,853;0,194;0,006;0,09;0
"903";96,788;0,036;0,008;0,006;0,01;0,015;0,046;0,138;2,697;0,226;0,029;0,001;0,001;0
"904";2,569;0,742;0,294;0,236;0,065;0,742;0,268;5,043;86,303;3,534;0,171;0,022;0,012;0
"905";9,913;2,232;0,209;0,328;1,024;2,499;0,726;0,903;79,356;2,564;0,236;0,006;0,004;0
"906";2,446;4,558;3,518;0,184;0,236;0,758;1,059;1,963;76,479;8,631;0,123;0,028;0,015;0
"907";5,583;4,433;0,102;0,474;0,086;0,227;0,962;15,591;63,028;9,245;0,206;0,027;0,036;0
"908";26,871;1,038;0,03;0,287;0,086;0,397;0,361;7,244;24,222;39,223;0,103;0,125;0,012;0
"909";2,092;0,461;1,157;2,092;0,167;0,223;0,551;10,605;80,155;2,163;0,215;0,103;0,015;0
"910";5,015;0,911;0,074;0,203;0,76;0,294;2,891;3,394;80,667;5,567;0,137;0,068;0,018;0
"911";4,667;5,019;0,529;0,169;0,111;0,163;0,315;10,621;74,083;4,083;0,173;0,051;0,016;0
"912";4,48;0,924;0,639;1,813;1,97;0,175;1,52;2,097;76,204;8,336;1,724;0,068;0,05;0
"913";5,62;6,121;0,138;0,323;0,406;0,827;3,976;1,955;75,478;4,983;0,117;0,033;0,022;0
"914";2,424;0,521;50,957;1,081;0,15;0,366;0,641;4,162;37,198;1,999;0,462;0,01;0,03;0
"915";20,103;1,54;0,194;0,109;0,558;0,408;1,637;1,671;70,581;2,669;0,495;0,024;0,012;0
"916";5,789;59,717;0,047;0,122;0,535;0,844;0,49;1,063;28,403;2,589;0,36;0,012;0,03;0
"917";4,156;0,342;0,175;0,181;0,343;0,17;0,411;4,443;41,05;48,475;0,205;0,002;0,045;0
"918";14,252;2,235;0,16;0,129;0,226;0,675;1,823;3,897;70,941;4,738;0,734;0,065;0,123;0
"919";15,875;0,858;0,138;0,12;0,129;2,753;0,766;1,688;62,862;14,542;0,264;0,005;0;0
"920";11,82;11,501;1,101;1,121;0,688;3,016;2,773;6,087;45,3;15,627;0,916;0,051;0;0
"921";22,404;0,161;0,038;0,052;0,08;0,066;0,186;3,021;71,363;0,709;1,872;0,015;0,034;0
"922";3,776;1,838;0,126;0,197;0,112;0,725;0,889;3,922;60,708;25,596;1,966;0,109;0,037;0
"923";28,505;1,531;0,135;0,139;0,834;0,458;1,146;1,56;59,994;2,624;1,891;0,02;1,162;0
"924";4,737;0,735;0,314;0,709;0,389;0,405;1,599;6,196;80,458;2,224;0,468;0,01;1,755;0
"925";10,54;1,469;0,201;0,164;0,319;7,292;1,107;1,933;74,145;2,625;0,159;0,025;0,022;0
"926";3,163;1,127;0,529;0,038;0,102;0,173;0,581;2,249;67,321;24,592;0,101;0,003;0,021;0
"927";8,835;1,691;0,199;0,125;0,198;0,483;0,567;0,921;82,884;2,746;1,053;0,052;0,247;0
"928";9,033;0,286;0,106;0,188;0,207;0,415;0,653;3,488;82,508;2,807;0,254;0,028;0,028;0
"929";7,209;0,477;0,735;0,683;0,393;0,5;0,52;15,619;60,775;12,799;0,233;0,011;0,045;0
"930";5,875;0,651;0,113;0,219;0,169;0,331;0,525;4,368;83,263;4,317;0,143;0,014;0,012;0
"931";3,388;0,484;0,094;0,317;0,555;0,354;0,94;24,706;62,263;5,856;0,864;0,106;0,072;0
"932";7,086;0,453;0,561;0,074;0,135;0,464;0,538;0,708;69,965;19,832;0,156;0,013;0,018;0
"933";4,951;0,476;0,046;0,116;1,196;0,11;0,313;1,331;67,726;23,146;0,527;0,018;0,043;0
"934";11,721;1,122;4,49;0,608;1,772;0,313;0,674;3,289;56,674;15,554;3,738;0,02;0,025;0
"935";11,339;0,284;0,178;0,259;0,146;0,179;0,736;2,165;76,14;7,737;0,796;0,016;0,025;0
"936";2,911;0,499;0,103;0,313;0,225;20,009;0,861;3,599;66,114;5,094;0,121;0,057;0,093;0
"937";6,845;0,635;0,124;0,148;0,115;0,252;0,988;7,17;80,43;2,885;0,371;0,037;0;0
"938";2,314;1,279;0,087;1,072;1,41;0,264;0,895;35,682;46,071;8,738;1,099;0,031;1,06;0
"939";2,554;0,515;0,088;0,354;0,18;0,361;0,893;8,127;82,636;4,051;0,136;0,009;0,097;0
"940";2,431;0,916;0,287;0,195;0,346;0,825;0,257;0,85;91,045;2,591;0,223;0,02;0,016;0
"941";28,705;2,409;0,081;0,252;14,003;0,965;1,287;3,736;45,041;3,173;0,295;0,033;0,02;0
"942";2,645;0,235;0,069;0,053;0,072;0,113;0,577;26,206;53,348;16,585;0,076;0,01;0,009;0
"943";5,636;0,781;0,377;0,114;0,314;0,816;0,525;4,665;67,324;18,857;0,486;0,089;0,015;0
"944";4,179;1,52;0,129;0,053;0,124;0,401;4,034;12,781;71,371;5,028;0,269;0,084;0,029;0
"945";2,107;1,037;0,172;0,15;0,296;0,236;0,366;2,976;79,922;12,609;0,113;0,006;0,011;0
"946";24,293;1,388;0,777;0,166;0,073;0,307;1,162;1,549;68,072;2,028;0,16;0,019;0,005;0
"947";2,548;2,307;0,053;0,05;0,153;0,088;0,73;34,275;53,356;5,101;1,189;0,01;0,141;0
"948";4,816;2,676;0,443;0,415;0,266;0,369;0,774;2,106;59,586;28,084;0,437;0,028;0;0
"949";8,605;1,854;0,324;0,109;0,401;0,234;0,958;3,939;81,819;1,497;0,213;0,005;0,042;0
"950";17,21;26,87;0,44;1,079;0,247;0,256;2,258;4,639;41,595;5,145;0,201;0,044;0,016;0
"951";11,173;0,894;0,065;0,199;0,244;0,296;0,996;1,975;81,483;2,44;0,139;0,032;0,064;0
"952";3,82;1,726;0,635;0,496;0,178;0,186;0,477;7,179;81,629;3,097;0,549;0,005;0,023;0
"953";3,244;0,385;0,027;0,611;0,069;1,145;0,265;3,587;22,049;67,959;0,308;0,005;0,345;0
"954";3,483;1,134;0,511;0,057;0,237;0,189;0,661;1,434;87,99;3,251;0,416;0,475;0,161;0
"955";2,063;10,415;0,036;0,064;0,124;0,816;0,674;0,667;71,082;13,765;0,236;0,013;0,046;0
"956";4,091;1,081;0,099;0,034;0,725;0,168;0,59;5,63;80,837;6,301;0,379;0,064;0;0
"957";4,549;0,567;0,094;0,195;0,281;0,158;17,08;1,743;67,901;7,139;0,123;0,026;0,144;0
"958";19,141;1,124;0,08;0,067;0,181;0,444;0,792;1,746;65,127;10,896;0,372;0,015;0,015;0
"959";55,92;0,489;0,015;0,024;0,818;0,91;0,267;1,054;39,419;1,003;0,074;0,004;0,003;0
"960";4,124;2,436;0,864;0,062;3,689;0,613;1,799;7,203;67,75;10,796;0,598;0,034;0,032;0
"961";9,075;1,248;0,565;0,041;0,193;0,17;0,635;2,4;77,356;8,003;0,281;0,014;0,017;0
"962";3,729;1,005;0,344;0,289;0,131;0,299;0,73;2,49;86,562;4,273;0,099;0,004;0,045;0
"963";4,41;6,598;0,1;0,077;0,115;0,122;1,353;1,906;63,086;16,383;5,67;0,015;0,166;0
"964";7,968;3,685;0,266;0,429;0,148;0,448;2,014;9,17;68,677;6,587;0,521;0,064;0,022;0
"965";8,103;5,555;0,191;0,224;0,778;1,006;1,493;14,842;53,542;13,947;0,164;0,018;0,138;0
"966";7,115;1,855;0,058;0,132;0,241;0,202;0,768;1,663;70,741;16,957;0,238;0,019;0,01;0
"967";22,232;0,58;0,151;0,059;0,103;0,199;0,445;8,491;59,331;8,223;0,162;0,011;0,014;0
"968";24,847;1,267;0,337;0,21;0,234;0,69;0,96;6,738;39,128;24,17;1,111;0,009;0,299;0
"969";5,811;3,323;0,05;0,091;0,097;0,416;0,578;3,847;61,019;24,203;0,505;0,041;0,019;0
"970";24,366;1,085;0,129;0,264;0,871;0,51;0,712;2,292;64,302;5,227;0,212;0,007;0,024;0
"971";4,153;2,833;1,222;1,003;0,482;0,194;1,334;7,864;74,106;6,473;0,263;0,025;0,048;0
"972";2,771;1,109;0,397;0,116;0,773;2,639;1,492;2,467;81,56;5,826;0,84;0,006;0,006;0
"973";5,319;2,108;0,041;0,037;0,145;0,503;0,981;2,447;53,435;34,379;0,584;0,014;0,007;0
"974";5,78;1,296;0,164;0,14;0,321;0,544;1,018;4,758;81,209;4,409;0,206;0,093;0,063;0
"975";10,028;0,508;0,034;0,068;0,091;0,295;0,263;8,401;55,652;24,409;0,122;0,108;0,019;0
"976";19,446;0,679;0,038;0,104;0,17;0,164;0,258;18,161;59,329;1,532;0,076;0,025;0,019;0
"977";14,502;3,16;0,075;0,085;0,306;0,173;0,859;0,898;75,405;4,187;0,317;0,025;0,009;0
"978";26,763;1,183;0,674;1,742;0,411;0,607;2,702;4,398;48,494;10,085;2,841;0,044;0,056;0
"979";7,165;4,572;0,048;0,071;0,078;0,215;1,23;1,604;53,595;31,188;0,218;0,015;0;0
"980";38,917;0,396;0,15;0,1;0,159;0,839;0,956;0,937;50,35;5,074;2,118;0,005;0;0
"981";35,801;2,713;2,155;0,234;0,47;0,258;0,628;1,123;52,963;2,536;0,482;0,012;0,624;0
"982";6,121;1,61;0,165;0,066;1,58;0,189;3,284;1,577;81,782;3,35;0,203;0,004;0,069;0
"983";10,392;1,395;0,16;0,301;0,553;6,147;1,05;5,188;67,962;5,997;0,813;0,029;0,013;0
"984";1,867;1,496;0,085;0,057;0,278;6,695;0,83;24,292;56,91;7,291;0,15;0,009;0,04;0
"985";12,007;0,808;0,07;0,042;0,13;0,079;9,025;1,287;62,158;14,222;0,138;0,027;0,006;0
"986";49,596;1,043;0,218;0,891;0,097;0,083;0,228;2,441;25,446;19,729;0,136;0,012;0,079;0
"987";3,177;0,36;0,068;0,111;1,186;0,299;0,521;1,938;86,087;6,13;0,079;0,036;0,009;0
"988";36,202;0,464;0,032;0;0,281;0,146;0,223;0,658;60,428;1,473;0,064;0,006;0,022;0
"989";8,001;0,564;0,252;0,183;1,485;0,263;1,035;5,736;76,869;5,001;0,548;0,007;0,057;0
"990";9,179;0,832;0,142;0,46;0,194;0,809;1,269;14,231;69,044;3,476;0,233;0,035;0,095;0
"991";11,791;1,966;0,329;0,067;3,426;0,148;1,095;4;75,447;1,554;0,138;0,008;0,031;0
"992";6,249;0,67;0,04;0,063;0,224;0,133;0,746;4,038;84,061;3,582;0,073;0,072;0,051;0
"993";16,918;0,827;0,072;0,275;0,25;0,277;2,176;2,983;64,849;10,914;0,418;0;0,041;0
"994";7,303;2,033;0,081;0,074;0,488;0,565;0,886;4,937;72,444;10,174;0,59;0,01;0,414;0
"995";10,624;0,822;0,045;0,105;0,358;0,439;1,522;5,749;73,057;6,595;0,647;0,014;0,024;0
"996";20,568;1,678;0,73;0,206;0,926;0,516;0,722;5,396;60,438;8,482;0,286;0,016;0,035;0
"997";6,042;21,287;0,533;0,316;0,427;6,773;0,635;3,476;58,363;1,877;0,239;0,021;0,01;0
"998";18,395;1,402;0,806;0,345;0,281;0,743;1,349;10,45;59,381;6,211;0,255;0,015;0,368;0
"999";6,948;1,727;1,703;1,437;0,56;0,584;2,885;4,25;67,178;12,046;0,395;0,274;0,012;0
"1000";7,192;0,875;0,099;0,098;0,255;0,525;0,995;1,258;69,718;9,441;0,202;0,016;9,327;0
